	"ZIP
Code"	HUD Metro Fair Market Rent Area Name	"SAFMR
0BR"	"SAFMR
1BR"	"SAFMR
2BR"	"SAFMR
3BR"	"SAFMR
4BR"
54	44056	Akron, OH MSA	$1,090	$1,220	$1,560	$1,950	$2,090
55	44067	Akron, OH MSA	$870	$970	$1,240	$1,550	$1,660
56	44087	Akron, OH MSA	$940	$1,050	$1,340	$1,680	$1,790
57	44141	Akron, OH MSA	$1,210	$1,370	$1,660	$2,150	$2,290
58	44201	Akron, OH MSA	$780	$880	$1,120	$1,400	$1,500
59	44202	Akron, OH MSA	$1,090	$1,230	$1,560	$1,950	$2,090
60	44203	Akron, OH MSA	$690	$770	$980	$1,230	$1,310
61	44210	Akron, OH MSA	$730	$820	$1,040	$1,300	$1,390
62	44211	Akron, OH MSA	$740	$830	$1,060	$1,330	$1,420
63	44216	Akron, OH MSA	$690	$770	$990	$1,240	$1,320
64	44221	Akron, OH MSA	$790	$890	$1,130	$1,410	$1,510
65	44222	Akron, OH MSA	$730	$820	$1,040	$1,300	$1,390
66	44223	Akron, OH MSA	$710	$790	$1,010	$1,260	$1,350
67	44224	Akron, OH MSA	$830	$930	$1,190	$1,490	$1,590
68	44230	Akron, OH MSA	$770	$870	$1,050	$1,360	$1,450
69	44231	Akron, OH MSA	$650	$740	$930	$1,170	$1,250
70	44232	Akron, OH MSA	$730	$820	$1,040	$1,300	$1,390
71	44234	Akron, OH MSA	$670	$760	$950	$1,200	$1,280
72	44236	Akron, OH MSA	$990	$1,110	$1,420	$1,780	$1,900
73	44240	Akron, OH MSA	$730	$820	$1,040	$1,300	$1,390
74	44241	Akron, OH MSA	$920	$1,040	$1,320	$1,650	$1,760
75	44242	Akron, OH MSA	$740	$830	$1,060	$1,330	$1,420
76	44243	Akron, OH MSA	$730	$820	$1,040	$1,300	$1,390
77	44250	Akron, OH MSA	$730	$820	$1,040	$1,300	$1,390
78	44255	Akron, OH MSA	$670	$750	$960	$1,200	$1,280
79	44256	Akron, OH MSA	$930	$1,050	$1,270	$1,640	$1,750
80	44260	Akron, OH MSA	$750	$840	$1,070	$1,340	$1,430
81	44262	Akron, OH MSA	$650	$730	$930	$1,170	$1,250
82	44264	Akron, OH MSA	$800	$890	$1,140	$1,430	$1,520
83	44265	Akron, OH MSA	$740	$830	$1,060	$1,330	$1,420
84	44266	Akron, OH MSA	$720	$810	$1,030	$1,290	$1,380
85	44272	Akron, OH MSA	$760	$860	$1,090	$1,360	$1,460
86	44278	Akron, OH MSA	$740	$820	$1,050	$1,310	$1,400
87	44281	Akron, OH MSA	$830	$940	$1,140	$1,470	$1,570
88	44285	Akron, OH MSA	$720	$810	$1,030	$1,290	$1,380
89	44286	Akron, OH MSA	$850	$960	$1,220	$1,530	$1,630
90	44288	Akron, OH MSA	$690	$780	$990	$1,240	$1,320
91	44301	Akron, OH MSA	$750	$840	$1,070	$1,340	$1,430
92	44302	Akron, OH MSA	$650	$730	$930	$1,170	$1,250
93	44303	Akron, OH MSA	$670	$750	$950	$1,190	$1,270
94	44304	Akron, OH MSA	$700	$780	$1,000	$1,250	$1,340
95	44305	Akron, OH MSA	$740	$830	$1,060	$1,330	$1,420
96	44306	Akron, OH MSA	$690	$770	$980	$1,230	$1,310
97	44307	Akron, OH MSA	$650	$730	$930	$1,170	$1,250
98	44308	Akron, OH MSA	$850	$950	$1,210	$1,510	$1,620
99	44309	Akron, OH MSA	$730	$820	$1,040	$1,300	$1,390
100	44310	Akron, OH MSA	$650	$730	$930	$1,170	$1,250
101	44311	Akron, OH MSA	$650	$730	$930	$1,170	$1,250
102	44312	Akron, OH MSA	$710	$790	$1,010	$1,260	$1,350
103	44313	Akron, OH MSA	$710	$800	$1,020	$1,280	$1,360
104	44314	Akron, OH MSA	$660	$740	$940	$1,180	$1,260
105	44316	Akron, OH MSA	$730	$820	$1,040	$1,300	$1,390
106	44319	Akron, OH MSA	$770	$860	$1,100	$1,380	$1,470
107	44320	Akron, OH MSA	$670	$750	$950	$1,190	$1,270
108	44321	Akron, OH MSA	$910	$1,020	$1,300	$1,630	$1,740
109	44325	Akron, OH MSA	$730	$820	$1,040	$1,300	$1,390
110	44333	Akron, OH MSA	$770	$860	$1,100	$1,380	$1,470
111	44334	Akron, OH MSA	$730	$820	$1,040	$1,300	$1,390
112	44411	Akron, OH MSA	$760	$860	$1,090	$1,360	$1,460
113	44412	Akron, OH MSA	$650	$730	$930	$1,170	$1,250
114	44429	Akron, OH MSA	$690	$750	$940	$1,240	$1,310
115	44444	Akron, OH MSA	$650	$730	$930	$1,170	$1,250
116	44449	Akron, OH MSA	$650	$730	$930	$1,170	$1,250
117	44470	Akron, OH MSA	$650	$730	$930	$1,170	$1,250
118	44491	Akron, OH MSA	$660	$740	$930	$1,180	$1,250
119	44601	Akron, OH MSA	$650	$730	$930	$1,170	$1,250
120	44614	Akron, OH MSA	$680	$760	$1,000	$1,250	$1,330
121	44632	Akron, OH MSA	$650	$730	$930	$1,170	$1,250
122	44645	Akron, OH MSA	$760	$850	$1,090	$1,370	$1,460
123	44685	Akron, OH MSA	$780	$880	$1,140	$1,420	$1,520
124	44720	Akron, OH MSA	$680	$770	$1,000	$1,260	$1,330
3548	43903	Canton-Massillon, OH MSA	$680	$720	$930	$1,220	$1,320
3549	43908	Canton-Massillon, OH MSA	$650	$680	$860	$1,160	$1,260
3550	43945	Canton-Massillon, OH MSA	$620	$670	$860	$1,120	$1,200
3551	43986	Canton-Massillon, OH MSA	$580	$660	$860	$1,080	$1,150
3552	43988	Canton-Massillon, OH MSA	$610	$690	$900	$1,130	$1,200
3553	44201	Canton-Massillon, OH MSA	$780	$880	$1,120	$1,400	$1,500
3554	44216	Canton-Massillon, OH MSA	$690	$770	$990	$1,240	$1,320
3555	44260	Canton-Massillon, OH MSA	$750	$840	$1,070	$1,340	$1,430
3556	44427	Canton-Massillon, OH MSA	$580	$660	$860	$1,080	$1,150
3557	44601	Canton-Massillon, OH MSA	$650	$730	$930	$1,170	$1,250
3558	44607	Canton-Massillon, OH MSA	$600	$680	$890	$1,110	$1,190
3559	44608	Canton-Massillon, OH MSA	$660	$740	$970	$1,220	$1,290
3560	44612	Canton-Massillon, OH MSA	$590	$660	$870	$1,090	$1,160
3561	44613	Canton-Massillon, OH MSA	$610	$690	$900	$1,130	$1,200
3562	44614	Canton-Massillon, OH MSA	$680	$760	$1,000	$1,250	$1,330
3563	44615	Canton-Massillon, OH MSA	$590	$660	$870	$1,090	$1,160
3564	44618	Canton-Massillon, OH MSA	$580	$660	$860	$1,080	$1,150
3565	44620	Canton-Massillon, OH MSA	$600	$680	$890	$1,120	$1,190
3566	44621	Canton-Massillon, OH MSA	$600	$670	$880	$1,100	$1,170
3567	44624	Canton-Massillon, OH MSA	$620	$690	$910	$1,140	$1,210
3568	44625	Canton-Massillon, OH MSA	$620	$700	$920	$1,150	$1,230
3569	44626	Canton-Massillon, OH MSA	$640	$720	$950	$1,190	$1,270
3570	44630	Canton-Massillon, OH MSA	$620	$690	$910	$1,140	$1,210
3571	44632	Canton-Massillon, OH MSA	$650	$730	$930	$1,170	$1,250
3572	44634	Canton-Massillon, OH MSA	$580	$660	$860	$1,080	$1,150
3573	44639	Canton-Massillon, OH MSA	$580	$660	$860	$1,080	$1,150
3574	44640	Canton-Massillon, OH MSA	$660	$750	$980	$1,230	$1,310
3575	44641	Canton-Massillon, OH MSA	$600	$670	$880	$1,100	$1,170
3576	44643	Canton-Massillon, OH MSA	$580	$660	$860	$1,080	$1,150
3577	44644	Canton-Massillon, OH MSA	$580	$660	$860	$1,080	$1,150
3578	44645	Canton-Massillon, OH MSA	$760	$850	$1,090	$1,370	$1,460
3579	44646	Canton-Massillon, OH MSA	$610	$690	$900	$1,130	$1,200
3580	44647	Canton-Massillon, OH MSA	$650	$730	$960	$1,200	$1,280
3581	44648	Canton-Massillon, OH MSA	$620	$690	$910	$1,140	$1,210
3582	44650	Canton-Massillon, OH MSA	$620	$690	$910	$1,140	$1,210
3583	44651	Canton-Massillon, OH MSA	$610	$670	$870	$1,110	$1,190
3584	44652	Canton-Massillon, OH MSA	$600	$670	$880	$1,100	$1,170
3585	44656	Canton-Massillon, OH MSA	$580	$660	$860	$1,080	$1,150
3586	44657	Canton-Massillon, OH MSA	$580	$660	$860	$1,080	$1,150
3587	44662	Canton-Massillon, OH MSA	$580	$660	$860	$1,080	$1,150
3588	44666	Canton-Massillon, OH MSA	$620	$700	$920	$1,150	$1,230
3589	44669	Canton-Massillon, OH MSA	$650	$740	$980	$1,230	$1,310
3590	44670	Canton-Massillon, OH MSA	$600	$680	$900	$1,120	$1,200
3591	44675	Canton-Massillon, OH MSA	$840	$950	$1,240	$1,550	$1,650
3592	44680	Canton-Massillon, OH MSA	$620	$690	$910	$1,140	$1,210
3593	44685	Canton-Massillon, OH MSA	$780	$880	$1,140	$1,420	$1,520
3594	44688	Canton-Massillon, OH MSA	$580	$660	$860	$1,080	$1,150
3595	44689	Canton-Massillon, OH MSA	$620	$690	$910	$1,140	$1,210
3596	44695	Canton-Massillon, OH MSA	$580	$660	$860	$1,080	$1,150
3597	44702	Canton-Massillon, OH MSA	$580	$660	$860	$1,080	$1,150
3598	44703	Canton-Massillon, OH MSA	$580	$660	$860	$1,080	$1,150
3599	44704	Canton-Massillon, OH MSA	$580	$660	$860	$1,080	$1,150
3600	44705	Canton-Massillon, OH MSA	$620	$700	$920	$1,150	$1,230
3601	44706	Canton-Massillon, OH MSA	$620	$700	$920	$1,150	$1,230
3602	44707	Canton-Massillon, OH MSA	$580	$660	$860	$1,080	$1,150
3603	44708	Canton-Massillon, OH MSA	$660	$740	$970	$1,220	$1,290
3604	44709	Canton-Massillon, OH MSA	$580	$660	$860	$1,080	$1,150
3605	44710	Canton-Massillon, OH MSA	$640	$720	$940	$1,180	$1,250
3606	44711	Canton-Massillon, OH MSA	$620	$690	$910	$1,140	$1,210
3607	44714	Canton-Massillon, OH MSA	$600	$680	$890	$1,120	$1,190
3608	44718	Canton-Massillon, OH MSA	$620	$700	$920	$1,150	$1,230
3609	44720	Canton-Massillon, OH MSA	$680	$770	$1,000	$1,260	$1,330
3610	44721	Canton-Massillon, OH MSA	$600	$670	$880	$1,100	$1,170
3611	44730	Canton-Massillon, OH MSA	$620	$700	$920	$1,150	$1,230
3612	44735	Canton-Massillon, OH MSA	$620	$690	$910	$1,140	$1,210
3613	44750	Canton-Massillon, OH MSA	$620	$690	$910	$1,140	$1,210
3614	44767	Canton-Massillon, OH MSA	$620	$690	$910	$1,140	$1,210
3615	44799	Canton-Massillon, OH MSA	$620	$690	$910	$1,140	$1,210
5085	41001	Cincinnati, OH-KY-IN  HUD Metro FMR Area	$810	$920	$1,190	$1,580	$1,760
5086	41002	Cincinnati, OH-KY-IN  HUD Metro FMR Area	$660	$760	$990	$1,320	$1,490
5087	41003	Cincinnati, OH-KY-IN  HUD Metro FMR Area	$660	$760	$990	$1,320	$1,490
5088	41004	Cincinnati, OH-KY-IN  HUD Metro FMR Area	$660	$760	$990	$1,320	$1,490
5089	41005	Cincinnati, OH-KY-IN  HUD Metro FMR Area	$970	$1,100	$1,430	$1,900	$2,110
5090	41006	Cincinnati, OH-KY-IN  HUD Metro FMR Area	$690	$780	$1,020	$1,360	$1,510
5091	41007	Cincinnati, OH-KY-IN  HUD Metro FMR Area	$790	$900	$1,170	$1,560	$1,730
5092	41011	Cincinnati, OH-KY-IN  HUD Metro FMR Area	$800	$910	$1,180	$1,570	$1,740
5093	41012	Cincinnati, OH-KY-IN  HUD Metro FMR Area	$770	$880	$1,140	$1,520	$1,680
5094	41014	Cincinnati, OH-KY-IN  HUD Metro FMR Area	$710	$810	$1,050	$1,400	$1,550
5095	41015	Cincinnati, OH-KY-IN  HUD Metro FMR Area	$700	$790	$1,030	$1,370	$1,520
5096	41016	Cincinnati, OH-KY-IN  HUD Metro FMR Area	$700	$790	$1,030	$1,370	$1,520
5097	41017	Cincinnati, OH-KY-IN  HUD Metro FMR Area	$750	$850	$1,100	$1,460	$1,630
5098	41018	Cincinnati, OH-KY-IN  HUD Metro FMR Area	$830	$940	$1,220	$1,620	$1,800
5099	41022	Cincinnati, OH-KY-IN  HUD Metro FMR Area	$920	$1,050	$1,360	$1,810	$2,010
5100	41025	Cincinnati, OH-KY-IN  HUD Metro FMR Area	$920	$1,050	$1,360	$1,810	$2,010
5101	41030	Cincinnati, OH-KY-IN  HUD Metro FMR Area	$730	$820	$1,070	$1,320	$1,690
5102	41033	Cincinnati, OH-KY-IN  HUD Metro FMR Area	$680	$770	$1,010	$1,320	$1,530
5103	41034	Cincinnati, OH-KY-IN  HUD Metro FMR Area	$660	$760	$990	$1,320	$1,490
5104	41035	Cincinnati, OH-KY-IN  HUD Metro FMR Area	$660	$760	$990	$1,320	$1,540
5105	41040	Cincinnati, OH-KY-IN  HUD Metro FMR Area	$700	$800	$1,040	$1,380	$1,540
5106	41042	Cincinnati, OH-KY-IN  HUD Metro FMR Area	$890	$1,020	$1,320	$1,750	$1,950
5107	41043	Cincinnati, OH-KY-IN  HUD Metro FMR Area	$660	$760	$990	$1,320	$1,490
5108	41044	Cincinnati, OH-KY-IN  HUD Metro FMR Area	$660	$760	$990	$1,320	$1,490
5109	41045	Cincinnati, OH-KY-IN  HUD Metro FMR Area	$810	$920	$1,200	$1,600	$1,770
5110	41046	Cincinnati, OH-KY-IN  HUD Metro FMR Area	$740	$840	$1,090	$1,440	$1,610
5111	41048	Cincinnati, OH-KY-IN  HUD Metro FMR Area	$1,060	$1,210	$1,570	$2,090	$2,320
5112	41051	Cincinnati, OH-KY-IN  HUD Metro FMR Area	$960	$1,080	$1,410	$1,870	$2,080
5113	41053	Cincinnati, OH-KY-IN  HUD Metro FMR Area	$770	$880	$1,140	$1,520	$1,680
5114	41059	Cincinnati, OH-KY-IN  HUD Metro FMR Area	$660	$760	$990	$1,320	$1,490
5115	41061	Cincinnati, OH-KY-IN  HUD Metro FMR Area	$660	$760	$990	$1,320	$1,490
5116	41063	Cincinnati, OH-KY-IN  HUD Metro FMR Area	$820	$930	$1,210	$1,590	$1,800
5117	41064	Cincinnati, OH-KY-IN  HUD Metro FMR Area	$660	$760	$990	$1,320	$1,490
5118	41071	Cincinnati, OH-KY-IN  HUD Metro FMR Area	$750	$850	$1,100	$1,460	$1,630
5119	41072	Cincinnati, OH-KY-IN  HUD Metro FMR Area	$790	$900	$1,170	$1,560	$1,730
5120	41073	Cincinnati, OH-KY-IN  HUD Metro FMR Area	$730	$830	$1,080	$1,440	$1,600
5121	41074	Cincinnati, OH-KY-IN  HUD Metro FMR Area	$770	$870	$1,130	$1,500	$1,670
5122	41075	Cincinnati, OH-KY-IN  HUD Metro FMR Area	$820	$930	$1,210	$1,610	$1,790
5123	41076	Cincinnati, OH-KY-IN  HUD Metro FMR Area	$850	$970	$1,260	$1,670	$1,860
5124	41080	Cincinnati, OH-KY-IN  HUD Metro FMR Area	$850	$960	$1,250	$1,660	$1,850
5125	41083	Cincinnati, OH-KY-IN  HUD Metro FMR Area	$780	$880	$1,150	$1,520	$1,690
5126	41085	Cincinnati, OH-KY-IN  HUD Metro FMR Area	$660	$760	$990	$1,320	$1,490
5127	41086	Cincinnati, OH-KY-IN  HUD Metro FMR Area	$770	$870	$1,130	$1,500	$1,670
5128	41091	Cincinnati, OH-KY-IN  HUD Metro FMR Area	$1,210	$1,380	$1,790	$2,380	$2,650
5129	41092	Cincinnati, OH-KY-IN  HUD Metro FMR Area	$770	$870	$1,130	$1,500	$1,670
5130	41094	Cincinnati, OH-KY-IN  HUD Metro FMR Area	$900	$1,020	$1,330	$1,770	$1,970
5131	41095	Cincinnati, OH-KY-IN  HUD Metro FMR Area	$660	$760	$990	$1,320	$1,490
5132	41097	Cincinnati, OH-KY-IN  HUD Metro FMR Area	$660	$760	$990	$1,320	$1,490
5133	41099	Cincinnati, OH-KY-IN  HUD Metro FMR Area	$790	$900	$1,170	$1,560	$1,730
5134	45001	Cincinnati, OH-KY-IN  HUD Metro FMR Area	$680	$770	$1,000	$1,330	$1,490
5135	45002	Cincinnati, OH-KY-IN  HUD Metro FMR Area	$770	$870	$1,130	$1,500	$1,670
5136	45003	Cincinnati, OH-KY-IN  HUD Metro FMR Area	$700	$790	$1,030	$1,370	$1,520
5137	45005	Cincinnati, OH-KY-IN  HUD Metro FMR Area	$780	$880	$1,150	$1,530	$1,700
5138	45011	Cincinnati, OH-KY-IN  HUD Metro FMR Area	$790	$900	$1,170	$1,560	$1,730
5139	45012	Cincinnati, OH-KY-IN  HUD Metro FMR Area	$840	$950	$1,240	$1,650	$1,830
5140	45013	Cincinnati, OH-KY-IN  HUD Metro FMR Area	$750	$850	$1,110	$1,480	$1,640
5141	45014	Cincinnati, OH-KY-IN  HUD Metro FMR Area	$900	$1,020	$1,330	$1,770	$1,970
5142	45015	Cincinnati, OH-KY-IN  HUD Metro FMR Area	$870	$980	$1,280	$1,700	$1,890
5143	45018	Cincinnati, OH-KY-IN  HUD Metro FMR Area	$840	$950	$1,240	$1,650	$1,830
5144	45030	Cincinnati, OH-KY-IN  HUD Metro FMR Area	$810	$920	$1,200	$1,600	$1,770
5145	45032	Cincinnati, OH-KY-IN  HUD Metro FMR Area	$760	$860	$1,120	$1,490	$1,660
5146	45033	Cincinnati, OH-KY-IN  HUD Metro FMR Area	$770	$870	$1,130	$1,500	$1,670
5147	45034	Cincinnati, OH-KY-IN  HUD Metro FMR Area	$1,120	$1,270	$1,650	$2,200	$2,440
5148	45036	Cincinnati, OH-KY-IN  HUD Metro FMR Area	$810	$920	$1,200	$1,600	$1,770
5149	45039	Cincinnati, OH-KY-IN  HUD Metro FMR Area	$1,170	$1,320	$1,720	$2,290	$2,540
5150	45040	Cincinnati, OH-KY-IN  HUD Metro FMR Area	$1,210	$1,380	$1,790	$2,380	$2,650
5151	45041	Cincinnati, OH-KY-IN  HUD Metro FMR Area	$770	$870	$1,130	$1,500	$1,670
5152	45042	Cincinnati, OH-KY-IN  HUD Metro FMR Area	$790	$890	$1,160	$1,540	$1,710
5153	45044	Cincinnati, OH-KY-IN  HUD Metro FMR Area	$750	$850	$1,110	$1,480	$1,640
5154	45050	Cincinnati, OH-KY-IN  HUD Metro FMR Area	$1,100	$1,250	$1,630	$2,170	$2,410
5155	45051	Cincinnati, OH-KY-IN  HUD Metro FMR Area	$740	$840	$1,090	$1,450	$1,610
5156	45052	Cincinnati, OH-KY-IN  HUD Metro FMR Area	$690	$780	$1,020	$1,360	$1,510
5157	45053	Cincinnati, OH-KY-IN  HUD Metro FMR Area	$760	$860	$1,120	$1,510	$1,650
5158	45054	Cincinnati, OH-KY-IN  HUD Metro FMR Area	$850	$970	$1,260	$1,670	$1,850
5159	45055	Cincinnati, OH-KY-IN  HUD Metro FMR Area	$840	$950	$1,240	$1,650	$1,830
5160	45056	Cincinnati, OH-KY-IN  HUD Metro FMR Area	$780	$880	$1,150	$1,530	$1,700
5161	45061	Cincinnati, OH-KY-IN  HUD Metro FMR Area	$840	$950	$1,240	$1,650	$1,830
5162	45062	Cincinnati, OH-KY-IN  HUD Metro FMR Area	$870	$990	$1,290	$1,710	$1,910
5163	45063	Cincinnati, OH-KY-IN  HUD Metro FMR Area	$840	$950	$1,240	$1,650	$1,830
5164	45064	Cincinnati, OH-KY-IN  HUD Metro FMR Area	$680	$780	$1,010	$1,340	$1,490
5165	45065	Cincinnati, OH-KY-IN  HUD Metro FMR Area	$1,040	$1,180	$1,530	$2,030	$2,260
5166	45066	Cincinnati, OH-KY-IN  HUD Metro FMR Area	$1,200	$1,350	$1,760	$2,340	$2,600
5167	45067	Cincinnati, OH-KY-IN  HUD Metro FMR Area	$1,010	$1,150	$1,490	$1,980	$2,200
5168	45068	Cincinnati, OH-KY-IN  HUD Metro FMR Area	$850	$970	$1,260	$1,670	$1,860
5169	45069	Cincinnati, OH-KY-IN  HUD Metro FMR Area	$1,100	$1,250	$1,630	$2,170	$2,410
5170	45071	Cincinnati, OH-KY-IN  HUD Metro FMR Area	$840	$950	$1,240	$1,650	$1,830
5171	45102	Cincinnati, OH-KY-IN  HUD Metro FMR Area	$760	$860	$1,120	$1,490	$1,660
5172	45103	Cincinnati, OH-KY-IN  HUD Metro FMR Area	$810	$920	$1,200	$1,600	$1,770
5173	45106	Cincinnati, OH-KY-IN  HUD Metro FMR Area	$670	$760	$990	$1,320	$1,490
5174	45107	Cincinnati, OH-KY-IN  HUD Metro FMR Area	$680	$760	$990	$1,320	$1,490
5175	45111	Cincinnati, OH-KY-IN  HUD Metro FMR Area	$1,120	$1,280	$1,660	$2,200	$2,450
5176	45112	Cincinnati, OH-KY-IN  HUD Metro FMR Area	$660	$760	$990	$1,320	$1,490
5177	45113	Cincinnati, OH-KY-IN  HUD Metro FMR Area	$840	$950	$1,240	$1,650	$1,830
5178	45118	Cincinnati, OH-KY-IN  HUD Metro FMR Area	$840	$850	$1,120	$1,430	$1,710
5179	45120	Cincinnati, OH-KY-IN  HUD Metro FMR Area	$660	$760	$990	$1,320	$1,490
5180	45121	Cincinnati, OH-KY-IN  HUD Metro FMR Area	$660	$760	$990	$1,320	$1,490
5181	45122	Cincinnati, OH-KY-IN  HUD Metro FMR Area	$910	$1,030	$1,340	$1,780	$1,980
5182	45130	Cincinnati, OH-KY-IN  HUD Metro FMR Area	$730	$760	$990	$1,320	$1,500
5183	45140	Cincinnati, OH-KY-IN  HUD Metro FMR Area	$1,040	$1,180	$1,530	$2,030	$2,260
5184	45145	Cincinnati, OH-KY-IN  HUD Metro FMR Area	$810	$920	$1,200	$1,600	$1,770
5185	45147	Cincinnati, OH-KY-IN  HUD Metro FMR Area	$1,070	$1,220	$1,580	$2,100	$2,330
5186	45150	Cincinnati, OH-KY-IN  HUD Metro FMR Area	$790	$890	$1,160	$1,540	$1,710
5187	45152	Cincinnati, OH-KY-IN  HUD Metro FMR Area	$950	$1,080	$1,400	$1,860	$2,070
5188	45153	Cincinnati, OH-KY-IN  HUD Metro FMR Area	$680	$780	$1,010	$1,330	$1,490
5189	45156	Cincinnati, OH-KY-IN  HUD Metro FMR Area	$660	$760	$990	$1,320	$1,490
5190	45157	Cincinnati, OH-KY-IN  HUD Metro FMR Area	$680	$780	$1,010	$1,340	$1,490
5191	45158	Cincinnati, OH-KY-IN  HUD Metro FMR Area	$770	$870	$1,130	$1,500	$1,670
5192	45160	Cincinnati, OH-KY-IN  HUD Metro FMR Area	$660	$760	$990	$1,320	$1,490
5193	45162	Cincinnati, OH-KY-IN  HUD Metro FMR Area	$820	$930	$1,210	$1,610	$1,790
5194	45174	Cincinnati, OH-KY-IN  HUD Metro FMR Area	$1,210	$1,380	$1,790	$2,380	$2,650
5195	45176	Cincinnati, OH-KY-IN  HUD Metro FMR Area	$740	$800	$1,050	$1,370	$1,570
5196	45201	Cincinnati, OH-KY-IN  HUD Metro FMR Area	$780	$880	$1,150	$1,530	$1,700
5197	45202	Cincinnati, OH-KY-IN  HUD Metro FMR Area	$1,210	$1,380	$1,790	$2,380	$2,650
5198	45203	Cincinnati, OH-KY-IN  HUD Metro FMR Area	$660	$760	$990	$1,320	$1,490
5199	45204	Cincinnati, OH-KY-IN  HUD Metro FMR Area	$660	$760	$990	$1,320	$1,490
5200	45205	Cincinnati, OH-KY-IN  HUD Metro FMR Area	$700	$790	$1,030	$1,370	$1,520
5201	45206	Cincinnati, OH-KY-IN  HUD Metro FMR Area	$730	$830	$1,080	$1,440	$1,600
5202	45207	Cincinnati, OH-KY-IN  HUD Metro FMR Area	$680	$780	$1,010	$1,340	$1,490
5203	45208	Cincinnati, OH-KY-IN  HUD Metro FMR Area	$980	$1,120	$1,450	$1,930	$2,140
5204	45209	Cincinnati, OH-KY-IN  HUD Metro FMR Area	$980	$1,120	$1,450	$1,930	$2,140
5205	45211	Cincinnati, OH-KY-IN  HUD Metro FMR Area	$700	$790	$1,030	$1,370	$1,520
5206	45212	Cincinnati, OH-KY-IN  HUD Metro FMR Area	$780	$880	$1,150	$1,530	$1,700
5207	45213	Cincinnati, OH-KY-IN  HUD Metro FMR Area	$690	$780	$1,020	$1,360	$1,510
5208	45214	Cincinnati, OH-KY-IN  HUD Metro FMR Area	$690	$780	$1,020	$1,360	$1,510
5209	45215	Cincinnati, OH-KY-IN  HUD Metro FMR Area	$760	$860	$1,120	$1,490	$1,660
5210	45216	Cincinnati, OH-KY-IN  HUD Metro FMR Area	$770	$880	$1,140	$1,520	$1,680
5211	45217	Cincinnati, OH-KY-IN  HUD Metro FMR Area	$710	$810	$1,050	$1,400	$1,550
5212	45218	Cincinnati, OH-KY-IN  HUD Metro FMR Area	$830	$950	$1,230	$1,630	$1,820
5213	45219	Cincinnati, OH-KY-IN  HUD Metro FMR Area	$910	$1,030	$1,340	$1,780	$1,980
5214	45220	Cincinnati, OH-KY-IN  HUD Metro FMR Area	$850	$970	$1,260	$1,670	$1,860
5215	45222	Cincinnati, OH-KY-IN  HUD Metro FMR Area	$780	$880	$1,150	$1,530	$1,700
5216	45223	Cincinnati, OH-KY-IN  HUD Metro FMR Area	$700	$800	$1,040	$1,380	$1,540
5217	45224	Cincinnati, OH-KY-IN  HUD Metro FMR Area	$670	$760	$990	$1,320	$1,490
5218	45225	Cincinnati, OH-KY-IN  HUD Metro FMR Area	$660	$760	$990	$1,320	$1,490
5219	45226	Cincinnati, OH-KY-IN  HUD Metro FMR Area	$900	$1,020	$1,330	$1,770	$1,970
5220	45227	Cincinnati, OH-KY-IN  HUD Metro FMR Area	$940	$1,060	$1,380	$1,830	$2,040
5221	45229	Cincinnati, OH-KY-IN  HUD Metro FMR Area	$660	$760	$990	$1,320	$1,490
5222	45230	Cincinnati, OH-KY-IN  HUD Metro FMR Area	$730	$830	$1,080	$1,440	$1,600
5223	45231	Cincinnati, OH-KY-IN  HUD Metro FMR Area	$850	$970	$1,260	$1,670	$1,860
5224	45232	Cincinnati, OH-KY-IN  HUD Metro FMR Area	$660	$760	$990	$1,320	$1,490
5225	45233	Cincinnati, OH-KY-IN  HUD Metro FMR Area	$740	$840	$1,090	$1,450	$1,610
5226	45234	Cincinnati, OH-KY-IN  HUD Metro FMR Area	$780	$880	$1,150	$1,530	$1,700
5227	45235	Cincinnati, OH-KY-IN  HUD Metro FMR Area	$780	$880	$1,150	$1,530	$1,700
5228	45236	Cincinnati, OH-KY-IN  HUD Metro FMR Area	$800	$910	$1,180	$1,570	$1,740
5229	45237	Cincinnati, OH-KY-IN  HUD Metro FMR Area	$730	$820	$1,070	$1,420	$1,580
5230	45238	Cincinnati, OH-KY-IN  HUD Metro FMR Area	$700	$790	$1,030	$1,370	$1,520
5231	45239	Cincinnati, OH-KY-IN  HUD Metro FMR Area	$760	$860	$1,120	$1,490	$1,660
5232	45240	Cincinnati, OH-KY-IN  HUD Metro FMR Area	$920	$1,050	$1,360	$1,810	$2,010
5233	45241	Cincinnati, OH-KY-IN  HUD Metro FMR Area	$960	$1,080	$1,410	$1,870	$2,080
5234	45242	Cincinnati, OH-KY-IN  HUD Metro FMR Area	$1,210	$1,380	$1,790	$2,380	$2,650
5235	45243	Cincinnati, OH-KY-IN  HUD Metro FMR Area	$1,210	$1,380	$1,790	$2,380	$2,650
5236	45244	Cincinnati, OH-KY-IN  HUD Metro FMR Area	$840	$950	$1,240	$1,650	$1,830
5237	45245	Cincinnati, OH-KY-IN  HUD Metro FMR Area	$850	$960	$1,250	$1,660	$1,850
5238	45246	Cincinnati, OH-KY-IN  HUD Metro FMR Area	$970	$1,100	$1,430	$1,900	$2,110
5239	45247	Cincinnati, OH-KY-IN  HUD Metro FMR Area	$830	$940	$1,220	$1,620	$1,800
5240	45248	Cincinnati, OH-KY-IN  HUD Metro FMR Area	$860	$980	$1,270	$1,690	$1,880
5241	45249	Cincinnati, OH-KY-IN  HUD Metro FMR Area	$1,110	$1,260	$1,640	$2,180	$2,420
5242	45250	Cincinnati, OH-KY-IN  HUD Metro FMR Area	$780	$880	$1,150	$1,530	$1,700
5243	45251	Cincinnati, OH-KY-IN  HUD Metro FMR Area	$960	$1,080	$1,410	$1,870	$2,080
5244	45252	Cincinnati, OH-KY-IN  HUD Metro FMR Area	$870	$980	$1,280	$1,700	$1,890
5245	45253	Cincinnati, OH-KY-IN  HUD Metro FMR Area	$780	$880	$1,150	$1,530	$1,700
5246	45254	Cincinnati, OH-KY-IN  HUD Metro FMR Area	$780	$880	$1,150	$1,530	$1,700
5247	45255	Cincinnati, OH-KY-IN  HUD Metro FMR Area	$950	$1,080	$1,400	$1,860	$2,070
5248	45258	Cincinnati, OH-KY-IN  HUD Metro FMR Area	$780	$880	$1,150	$1,530	$1,700
5249	45262	Cincinnati, OH-KY-IN  HUD Metro FMR Area	$780	$880	$1,150	$1,530	$1,700
5250	45263	Cincinnati, OH-KY-IN  HUD Metro FMR Area	$780	$880	$1,150	$1,530	$1,700
5251	45267	Cincinnati, OH-KY-IN  HUD Metro FMR Area	$780	$880	$1,150	$1,530	$1,700
5252	45327	Cincinnati, OH-KY-IN  HUD Metro FMR Area	$760	$810	$1,040	$1,360	$1,490
5253	45342	Cincinnati, OH-KY-IN  HUD Metro FMR Area	$890	$950	$1,220	$1,590	$1,740
5254	45458	Cincinnati, OH-KY-IN  HUD Metro FMR Area	$900	$980	$1,260	$1,640	$1,800
5255	45999	Cincinnati, OH-KY-IN  HUD Metro FMR Area	$770	$880	$1,140	$1,520	$1,680
5256	47001	Cincinnati, OH-KY-IN  HUD Metro FMR Area	$700	$800	$1,040	$1,380	$1,540
5257	47011	Cincinnati, OH-KY-IN  HUD Metro FMR Area	$660	$760	$990	$1,320	$1,490
5258	47012	Cincinnati, OH-KY-IN  HUD Metro FMR Area	$660	$760	$990	$1,320	$1,490
5259	47017	Cincinnati, OH-KY-IN  HUD Metro FMR Area	$660	$760	$990	$1,320	$1,490
5260	47018	Cincinnati, OH-KY-IN  HUD Metro FMR Area	$750	$850	$1,110	$1,480	$1,640
5261	47022	Cincinnati, OH-KY-IN  HUD Metro FMR Area	$680	$770	$1,000	$1,340	$1,490
5262	47025	Cincinnati, OH-KY-IN  HUD Metro FMR Area	$690	$780	$1,020	$1,360	$1,510
5263	47031	Cincinnati, OH-KY-IN  HUD Metro FMR Area	$750	$850	$1,100	$1,460	$1,630
5264	47032	Cincinnati, OH-KY-IN  HUD Metro FMR Area	$660	$760	$990	$1,320	$1,490
5265	47038	Cincinnati, OH-KY-IN  HUD Metro FMR Area	$660	$760	$990	$1,320	$1,490
5266	47040	Cincinnati, OH-KY-IN  HUD Metro FMR Area	$660	$760	$990	$1,320	$1,490
5267	47041	Cincinnati, OH-KY-IN  HUD Metro FMR Area	$660	$760	$990	$1,320	$1,490
5268	47060	Cincinnati, OH-KY-IN  HUD Metro FMR Area	$730	$820	$1,070	$1,440	$1,570
5284	45101	Brown County, OH HUD Metro FMR Area	$650	$650	$860	$1,100	$1,320
5285	45106	Brown County, OH HUD Metro FMR Area	$670	$760	$990	$1,320	$1,490
5286	45107	Brown County, OH HUD Metro FMR Area	$680	$760	$990	$1,320	$1,490
5287	45115	Brown County, OH HUD Metro FMR Area	$700	$710	$930	$1,180	$1,420
5288	45118	Brown County, OH HUD Metro FMR Area	$840	$850	$1,120	$1,430	$1,710
5289	45119	Brown County, OH HUD Metro FMR Area	$670	$670	$880	$1,130	$1,350
5290	45120	Brown County, OH HUD Metro FMR Area	$660	$760	$990	$1,320	$1,490
5291	45121	Brown County, OH HUD Metro FMR Area	$660	$760	$990	$1,320	$1,490
5292	45130	Brown County, OH HUD Metro FMR Area	$730	$760	$990	$1,320	$1,500
5293	45131	Brown County, OH HUD Metro FMR Area	$810	$810	$1,070	$1,370	$1,640
5294	45133	Brown County, OH HUD Metro FMR Area	$670	$670	$880	$1,130	$1,350
5295	45142	Brown County, OH HUD Metro FMR Area	$700	$710	$930	$1,190	$1,420
5296	45144	Brown County, OH HUD Metro FMR Area	$650	$650	$860	$1,100	$1,320
5297	45148	Brown County, OH HUD Metro FMR Area	$670	$670	$880	$1,130	$1,350
5298	45154	Brown County, OH HUD Metro FMR Area	$650	$650	$860	$1,100	$1,320
5299	45167	Brown County, OH HUD Metro FMR Area	$650	$650	$860	$1,100	$1,320
5300	45168	Brown County, OH HUD Metro FMR Area	$710	$720	$940	$1,200	$1,440
5301	45171	Brown County, OH HUD Metro FMR Area	$720	$720	$950	$1,210	$1,450
5302	45176	Brown County, OH HUD Metro FMR Area	$740	$800	$1,050	$1,370	$1,570
5303	45697	Brown County, OH HUD Metro FMR Area	$650	$650	$860	$1,100	$1,320
5381	44001	Cleveland-Elyria, OH MSA	$780	$870	$1,060	$1,370	$1,460
5382	44011	Cleveland-Elyria, OH MSA	$1,190	$1,340	$1,630	$2,110	$2,250
5383	44012	Cleveland-Elyria, OH MSA	$1,200	$1,350	$1,640	$2,120	$2,260
5384	44017	Cleveland-Elyria, OH MSA	$810	$910	$1,110	$1,440	$1,530
5385	44021	Cleveland-Elyria, OH MSA	$810	$910	$1,110	$1,440	$1,530
5386	44022	Cleveland-Elyria, OH MSA	$1,210	$1,370	$1,660	$2,150	$2,290
5387	44023	Cleveland-Elyria, OH MSA	$1,040	$1,170	$1,420	$1,840	$1,960
5388	44024	Cleveland-Elyria, OH MSA	$800	$900	$1,090	$1,410	$1,500
5389	44026	Cleveland-Elyria, OH MSA	$1,080	$1,220	$1,480	$1,910	$2,040
5390	44028	Cleveland-Elyria, OH MSA	$1,160	$1,300	$1,580	$2,040	$2,180
5391	44033	Cleveland-Elyria, OH MSA	$780	$880	$1,070	$1,380	$1,470
5392	44035	Cleveland-Elyria, OH MSA	$730	$820	$1,000	$1,290	$1,380
5393	44036	Cleveland-Elyria, OH MSA	$770	$870	$1,050	$1,360	$1,450
5394	44039	Cleveland-Elyria, OH MSA	$930	$1,050	$1,270	$1,640	$1,750
5395	44040	Cleveland-Elyria, OH MSA	$1,000	$1,120	$1,360	$1,760	$1,880
5396	44041	Cleveland-Elyria, OH MSA	$670	$750	$910	$1,180	$1,250
5397	44044	Cleveland-Elyria, OH MSA	$760	$860	$1,040	$1,350	$1,430
5398	44045	Cleveland-Elyria, OH MSA	$830	$930	$1,130	$1,460	$1,560
5399	44046	Cleveland-Elyria, OH MSA	$700	$790	$960	$1,240	$1,320
5400	44049	Cleveland-Elyria, OH MSA	$720	$810	$980	$1,270	$1,350
5401	44050	Cleveland-Elyria, OH MSA	$930	$1,050	$1,270	$1,640	$1,750
5402	44052	Cleveland-Elyria, OH MSA	$740	$830	$1,010	$1,310	$1,390
5403	44053	Cleveland-Elyria, OH MSA	$670	$760	$920	$1,190	$1,270
5404	44054	Cleveland-Elyria, OH MSA	$870	$980	$1,190	$1,540	$1,640
5405	44055	Cleveland-Elyria, OH MSA	$730	$820	$1,000	$1,290	$1,380
5406	44057	Cleveland-Elyria, OH MSA	$860	$970	$1,180	$1,530	$1,630
5407	44060	Cleveland-Elyria, OH MSA	$900	$1,010	$1,230	$1,590	$1,700
5408	44061	Cleveland-Elyria, OH MSA	$860	$970	$1,180	$1,530	$1,630
5409	44062	Cleveland-Elyria, OH MSA	$670	$750	$920	$1,200	$1,270
5410	44064	Cleveland-Elyria, OH MSA	$1,020	$1,150	$1,390	$1,800	$1,920
5411	44065	Cleveland-Elyria, OH MSA	$720	$820	$990	$1,280	$1,360
5412	44070	Cleveland-Elyria, OH MSA	$870	$980	$1,190	$1,540	$1,640
5413	44072	Cleveland-Elyria, OH MSA	$1,210	$1,370	$1,660	$2,150	$2,290
5414	44074	Cleveland-Elyria, OH MSA	$790	$890	$1,080	$1,400	$1,490
5415	44077	Cleveland-Elyria, OH MSA	$790	$890	$1,080	$1,400	$1,490
5416	44080	Cleveland-Elyria, OH MSA	$660	$740	$920	$1,180	$1,250
5417	44081	Cleveland-Elyria, OH MSA	$720	$820	$990	$1,280	$1,360
5418	44086	Cleveland-Elyria, OH MSA	$880	$990	$1,200	$1,550	$1,650
5419	44089	Cleveland-Elyria, OH MSA	$860	$960	$1,170	$1,510	$1,610
5420	44090	Cleveland-Elyria, OH MSA	$680	$770	$930	$1,200	$1,280
5421	44092	Cleveland-Elyria, OH MSA	$850	$960	$1,160	$1,500	$1,600
5422	44094	Cleveland-Elyria, OH MSA	$970	$1,090	$1,320	$1,710	$1,820
5423	44095	Cleveland-Elyria, OH MSA	$830	$930	$1,130	$1,460	$1,560
5424	44096	Cleveland-Elyria, OH MSA	$860	$970	$1,180	$1,530	$1,630
5425	44099	Cleveland-Elyria, OH MSA	$700	$780	$960	$1,250	$1,330
5426	44101	Cleveland-Elyria, OH MSA	$900	$1,010	$1,230	$1,590	$1,700
5427	44102	Cleveland-Elyria, OH MSA	$710	$800	$970	$1,260	$1,340
5428	44103	Cleveland-Elyria, OH MSA	$650	$740	$900	$1,170	$1,240
5429	44104	Cleveland-Elyria, OH MSA	$650	$740	$900	$1,170	$1,240
5430	44105	Cleveland-Elyria, OH MSA	$680	$770	$930	$1,200	$1,280
5431	44106	Cleveland-Elyria, OH MSA	$920	$1,040	$1,260	$1,630	$1,740
5432	44107	Cleveland-Elyria, OH MSA	$840	$950	$1,150	$1,490	$1,580
5433	44108	Cleveland-Elyria, OH MSA	$650	$740	$900	$1,170	$1,240
5434	44109	Cleveland-Elyria, OH MSA	$690	$770	$940	$1,220	$1,300
5435	44110	Cleveland-Elyria, OH MSA	$700	$780	$950	$1,230	$1,310
5436	44111	Cleveland-Elyria, OH MSA	$750	$840	$1,020	$1,320	$1,410
5437	44112	Cleveland-Elyria, OH MSA	$680	$770	$930	$1,200	$1,280
5438	44113	Cleveland-Elyria, OH MSA	$1,190	$1,330	$1,620	$2,100	$2,230
5439	44114	Cleveland-Elyria, OH MSA	$1,050	$1,190	$1,440	$1,860	$1,980
5440	44115	Cleveland-Elyria, OH MSA	$900	$1,010	$1,230	$1,590	$1,700
5441	44116	Cleveland-Elyria, OH MSA	$860	$970	$1,180	$1,530	$1,630
5442	44117	Cleveland-Elyria, OH MSA	$670	$750	$910	$1,180	$1,250
5443	44118	Cleveland-Elyria, OH MSA	$920	$1,040	$1,260	$1,630	$1,740
5444	44119	Cleveland-Elyria, OH MSA	$730	$820	$1,000	$1,290	$1,380
5445	44120	Cleveland-Elyria, OH MSA	$770	$870	$1,050	$1,360	$1,450
5446	44121	Cleveland-Elyria, OH MSA	$900	$1,010	$1,230	$1,590	$1,700
5447	44122	Cleveland-Elyria, OH MSA	$1,130	$1,270	$1,540	$1,990	$2,120
5448	44123	Cleveland-Elyria, OH MSA	$800	$910	$1,100	$1,420	$1,520
5449	44124	Cleveland-Elyria, OH MSA	$960	$1,080	$1,310	$1,690	$1,810
5450	44125	Cleveland-Elyria, OH MSA	$900	$1,010	$1,230	$1,590	$1,700
5451	44126	Cleveland-Elyria, OH MSA	$780	$870	$1,060	$1,370	$1,460
5452	44127	Cleveland-Elyria, OH MSA	$650	$740	$900	$1,170	$1,240
5453	44128	Cleveland-Elyria, OH MSA	$800	$910	$1,100	$1,420	$1,520
5454	44129	Cleveland-Elyria, OH MSA	$800	$910	$1,100	$1,420	$1,520
5455	44130	Cleveland-Elyria, OH MSA	$860	$970	$1,180	$1,530	$1,630
5456	44131	Cleveland-Elyria, OH MSA	$1,170	$1,320	$1,600	$2,070	$2,200
5457	44132	Cleveland-Elyria, OH MSA	$800	$910	$1,100	$1,420	$1,520
5458	44133	Cleveland-Elyria, OH MSA	$850	$960	$1,160	$1,500	$1,600
5459	44134	Cleveland-Elyria, OH MSA	$890	$1,010	$1,220	$1,580	$1,680
5460	44135	Cleveland-Elyria, OH MSA	$790	$890	$1,080	$1,400	$1,490
5461	44136	Cleveland-Elyria, OH MSA	$930	$1,050	$1,270	$1,640	$1,750
5462	44137	Cleveland-Elyria, OH MSA	$970	$1,090	$1,320	$1,710	$1,820
5463	44138	Cleveland-Elyria, OH MSA	$990	$1,110	$1,350	$1,750	$1,860
5464	44139	Cleveland-Elyria, OH MSA	$1,160	$1,300	$1,580	$2,040	$2,180
5465	44140	Cleveland-Elyria, OH MSA	$1,080	$1,210	$1,470	$1,900	$2,030
5466	44141	Cleveland-Elyria, OH MSA	$1,210	$1,370	$1,660	$2,150	$2,290
5467	44142	Cleveland-Elyria, OH MSA	$850	$960	$1,160	$1,500	$1,600
5468	44143	Cleveland-Elyria, OH MSA	$790	$890	$1,080	$1,400	$1,490
5469	44144	Cleveland-Elyria, OH MSA	$720	$820	$990	$1,280	$1,360
5470	44145	Cleveland-Elyria, OH MSA	$1,120	$1,260	$1,530	$1,980	$2,110
5471	44146	Cleveland-Elyria, OH MSA	$840	$950	$1,150	$1,490	$1,580
5472	44147	Cleveland-Elyria, OH MSA	$860	$970	$1,180	$1,530	$1,630
5473	44149	Cleveland-Elyria, OH MSA	$1,060	$1,190	$1,450	$1,880	$2,000
5474	44181	Cleveland-Elyria, OH MSA	$800	$910	$1,100	$1,420	$1,520
5475	44199	Cleveland-Elyria, OH MSA	$800	$910	$1,100	$1,420	$1,520
5476	44202	Cleveland-Elyria, OH MSA	$1,090	$1,230	$1,560	$1,950	$2,090
5477	44203	Cleveland-Elyria, OH MSA	$690	$770	$980	$1,230	$1,310
5478	44212	Cleveland-Elyria, OH MSA	$890	$1,000	$1,210	$1,570	$1,670
5479	44214	Cleveland-Elyria, OH MSA	$720	$820	$990	$1,280	$1,360
5480	44215	Cleveland-Elyria, OH MSA	$870	$980	$1,190	$1,540	$1,640
5481	44217	Cleveland-Elyria, OH MSA	$710	$800	$970	$1,260	$1,340
5482	44230	Cleveland-Elyria, OH MSA	$770	$870	$1,050	$1,360	$1,450
5483	44231	Cleveland-Elyria, OH MSA	$650	$740	$930	$1,170	$1,250
5484	44233	Cleveland-Elyria, OH MSA	$790	$890	$1,080	$1,400	$1,490
5485	44234	Cleveland-Elyria, OH MSA	$670	$760	$950	$1,200	$1,280
5486	44235	Cleveland-Elyria, OH MSA	$720	$810	$980	$1,270	$1,350
5487	44251	Cleveland-Elyria, OH MSA	$1,200	$1,350	$1,640	$2,120	$2,260
5488	44253	Cleveland-Elyria, OH MSA	$750	$840	$1,020	$1,320	$1,410
5489	44254	Cleveland-Elyria, OH MSA	$670	$750	$910	$1,180	$1,250
5490	44256	Cleveland-Elyria, OH MSA	$930	$1,050	$1,270	$1,640	$1,750
5491	44258	Cleveland-Elyria, OH MSA	$860	$960	$1,170	$1,510	$1,610
5492	44270	Cleveland-Elyria, OH MSA	$700	$790	$960	$1,240	$1,320
5493	44273	Cleveland-Elyria, OH MSA	$750	$840	$1,020	$1,320	$1,410
5494	44274	Cleveland-Elyria, OH MSA	$830	$940	$1,140	$1,470	$1,570
5495	44275	Cleveland-Elyria, OH MSA	$750	$850	$1,030	$1,330	$1,420
5496	44280	Cleveland-Elyria, OH MSA	$1,210	$1,370	$1,660	$2,150	$2,290
5497	44281	Cleveland-Elyria, OH MSA	$830	$940	$1,140	$1,470	$1,570
5498	44282	Cleveland-Elyria, OH MSA	$860	$960	$1,170	$1,510	$1,610
5499	44287	Cleveland-Elyria, OH MSA	$720	$810	$980	$1,270	$1,350
5500	44321	Cleveland-Elyria, OH MSA	$910	$1,020	$1,300	$1,630	$1,740
5501	44333	Cleveland-Elyria, OH MSA	$770	$860	$1,100	$1,380	$1,470
5502	44491	Cleveland-Elyria, OH MSA	$660	$740	$930	$1,180	$1,250
5503	44851	Cleveland-Elyria, OH MSA	$670	$760	$920	$1,190	$1,270
5504	44859	Cleveland-Elyria, OH MSA	$660	$750	$920	$1,240	$1,380
5505	44880	Cleveland-Elyria, OH MSA	$690	$780	$950	$1,250	$1,360
5506	44889	Cleveland-Elyria, OH MSA	$700	$790	$960	$1,240	$1,320
5836	43001	Columbus, OH HUD Metro FMR Area	$930	$1,020	$1,250	$1,510	$1,680
5837	43002	Columbus, OH HUD Metro FMR Area	$1,410	$1,550	$1,890	$2,290	$2,530
5838	43003	Columbus, OH HUD Metro FMR Area	$810	$890	$1,090	$1,320	$1,460
5839	43004	Columbus, OH HUD Metro FMR Area	$1,000	$1,100	$1,340	$1,620	$1,800
5840	43008	Columbus, OH HUD Metro FMR Area	$760	$850	$1,050	$1,290	$1,420
5841	43011	Columbus, OH HUD Metro FMR Area	$760	$850	$1,050	$1,290	$1,420
5842	43013	Columbus, OH HUD Metro FMR Area	$920	$1,010	$1,230	$1,490	$1,650
5843	43015	Columbus, OH HUD Metro FMR Area	$940	$1,030	$1,260	$1,520	$1,690
5844	43016	Columbus, OH HUD Metro FMR Area	$1,260	$1,380	$1,690	$2,040	$2,260
5845	43017	Columbus, OH HUD Metro FMR Area	$1,210	$1,320	$1,620	$1,960	$2,170
5846	43018	Columbus, OH HUD Metro FMR Area	$860	$940	$1,150	$1,390	$1,540
5847	43019	Columbus, OH HUD Metro FMR Area	$780	$860	$1,050	$1,290	$1,420
5848	43021	Columbus, OH HUD Metro FMR Area	$1,100	$1,200	$1,470	$1,780	$1,970
5849	43023	Columbus, OH HUD Metro FMR Area	$910	$1,000	$1,220	$1,480	$1,640
5850	43025	Columbus, OH HUD Metro FMR Area	$760	$850	$1,050	$1,290	$1,420
5851	43026	Columbus, OH HUD Metro FMR Area	$1,110	$1,220	$1,490	$1,800	$2,000
5852	43027	Columbus, OH HUD Metro FMR Area	$860	$940	$1,150	$1,390	$1,540
5853	43029	Columbus, OH HUD Metro FMR Area	$820	$870	$1,130	$1,370	$1,510
5854	43030	Columbus, OH HUD Metro FMR Area	$860	$930	$1,150	$1,390	$1,540
5855	43031	Columbus, OH HUD Metro FMR Area	$980	$1,080	$1,320	$1,600	$1,770
5856	43032	Columbus, OH HUD Metro FMR Area	$1,090	$1,190	$1,460	$1,770	$1,960
5857	43033	Columbus, OH HUD Metro FMR Area	$860	$940	$1,150	$1,390	$1,540
5858	43035	Columbus, OH HUD Metro FMR Area	$1,180	$1,290	$1,580	$1,910	$2,120
5859	43040	Columbus, OH HUD Metro FMR Area	$960	$970	$1,280	$1,550	$1,700
5860	43044	Columbus, OH HUD Metro FMR Area	$760	$850	$1,050	$1,290	$1,420
5861	43046	Columbus, OH HUD Metro FMR Area	$960	$1,060	$1,290	$1,560	$1,730
5862	43050	Columbus, OH HUD Metro FMR Area	$800	$880	$1,080	$1,310	$1,450
5863	43054	Columbus, OH HUD Metro FMR Area	$1,340	$1,470	$1,800	$2,180	$2,410
5864	43055	Columbus, OH HUD Metro FMR Area	$770	$850	$1,050	$1,290	$1,420
5865	43056	Columbus, OH HUD Metro FMR Area	$890	$980	$1,200	$1,450	$1,610
5866	43058	Columbus, OH HUD Metro FMR Area	$860	$940	$1,150	$1,390	$1,540
5867	43061	Columbus, OH HUD Metro FMR Area	$810	$870	$1,080	$1,310	$1,450
5868	43062	Columbus, OH HUD Metro FMR Area	$1,100	$1,210	$1,480	$1,790	$1,980
5869	43064	Columbus, OH HUD Metro FMR Area	$940	$990	$1,260	$1,520	$1,680
5870	43065	Columbus, OH HUD Metro FMR Area	$1,100	$1,210	$1,480	$1,790	$1,980
5871	43066	Columbus, OH HUD Metro FMR Area	$960	$1,060	$1,290	$1,560	$1,730
5872	43068	Columbus, OH HUD Metro FMR Area	$970	$1,060	$1,300	$1,570	$1,740
5873	43071	Columbus, OH HUD Metro FMR Area	$810	$890	$1,090	$1,320	$1,460
5874	43073	Columbus, OH HUD Metro FMR Area	$860	$940	$1,150	$1,390	$1,540
5875	43074	Columbus, OH HUD Metro FMR Area	$1,190	$1,310	$1,600	$1,930	$2,140
5876	43076	Columbus, OH HUD Metro FMR Area	$820	$870	$1,100	$1,340	$1,470
5877	43080	Columbus, OH HUD Metro FMR Area	$840	$920	$1,130	$1,370	$1,510
5878	43081	Columbus, OH HUD Metro FMR Area	$1,130	$1,240	$1,510	$1,830	$2,020
5879	43082	Columbus, OH HUD Metro FMR Area	$1,340	$1,470	$1,800	$2,180	$2,410
5880	43085	Columbus, OH HUD Metro FMR Area	$1,130	$1,240	$1,510	$1,830	$2,020
5881	43086	Columbus, OH HUD Metro FMR Area	$1,040	$1,150	$1,400	$1,690	$1,880
5882	43101	Columbus, OH HUD Metro FMR Area	$800	$880	$1,080	$1,310	$1,450
5883	43102	Columbus, OH HUD Metro FMR Area	$830	$900	$1,110	$1,350	$1,490
5884	43103	Columbus, OH HUD Metro FMR Area	$770	$850	$1,050	$1,290	$1,420
5885	43105	Columbus, OH HUD Metro FMR Area	$760	$850	$1,050	$1,290	$1,420
5886	43107	Columbus, OH HUD Metro FMR Area	$810	$890	$1,090	$1,320	$1,460
5887	43109	Columbus, OH HUD Metro FMR Area	$890	$970	$1,190	$1,440	$1,590
5888	43110	Columbus, OH HUD Metro FMR Area	$1,000	$1,100	$1,340	$1,620	$1,800
5889	43112	Columbus, OH HUD Metro FMR Area	$890	$970	$1,190	$1,440	$1,590
5890	43113	Columbus, OH HUD Metro FMR Area	$800	$880	$1,080	$1,310	$1,450
5891	43115	Columbus, OH HUD Metro FMR Area	$1,000	$1,100	$1,340	$1,620	$1,800
5892	43116	Columbus, OH HUD Metro FMR Area	$1,100	$1,200	$1,470	$1,780	$1,970
5893	43117	Columbus, OH HUD Metro FMR Area	$780	$860	$1,050	$1,290	$1,420
5894	43119	Columbus, OH HUD Metro FMR Area	$1,010	$1,110	$1,360	$1,640	$1,820
5895	43123	Columbus, OH HUD Metro FMR Area	$980	$1,070	$1,310	$1,580	$1,760
5896	43125	Columbus, OH HUD Metro FMR Area	$970	$1,060	$1,300	$1,570	$1,740
5897	43126	Columbus, OH HUD Metro FMR Area	$950	$1,050	$1,280	$1,550	$1,720
5898	43130	Columbus, OH HUD Metro FMR Area	$800	$880	$1,070	$1,290	$1,430
5899	43135	Columbus, OH HUD Metro FMR Area	$760	$850	$1,050	$1,290	$1,420
5900	43136	Columbus, OH HUD Metro FMR Area	$1,000	$1,100	$1,340	$1,620	$1,800
5901	43137	Columbus, OH HUD Metro FMR Area	$820	$900	$1,100	$1,330	$1,470
5902	43140	Columbus, OH HUD Metro FMR Area	$840	$920	$1,130	$1,370	$1,510
5903	43143	Columbus, OH HUD Metro FMR Area	$830	$920	$1,120	$1,350	$1,500
5904	43145	Columbus, OH HUD Metro FMR Area	$800	$880	$1,080	$1,310	$1,450
5905	43146	Columbus, OH HUD Metro FMR Area	$780	$860	$1,050	$1,290	$1,420
5906	43147	Columbus, OH HUD Metro FMR Area	$1,230	$1,350	$1,650	$2,000	$2,210
5907	43148	Columbus, OH HUD Metro FMR Area	$890	$970	$1,190	$1,450	$1,600
5908	43150	Columbus, OH HUD Metro FMR Area	$760	$850	$1,050	$1,290	$1,420
5909	43151	Columbus, OH HUD Metro FMR Area	$810	$890	$1,090	$1,320	$1,460
5910	43153	Columbus, OH HUD Metro FMR Area	$800	$880	$1,100	$1,330	$1,470
5911	43154	Columbus, OH HUD Metro FMR Area	$890	$970	$1,190	$1,440	$1,590
5912	43155	Columbus, OH HUD Metro FMR Area	$790	$850	$1,060	$1,330	$1,430
5913	43156	Columbus, OH HUD Metro FMR Area	$770	$850	$1,050	$1,300	$1,420
5914	43157	Columbus, OH HUD Metro FMR Area	$860	$950	$1,160	$1,400	$1,550
5915	43162	Columbus, OH HUD Metro FMR Area	$900	$990	$1,210	$1,460	$1,620
5916	43164	Columbus, OH HUD Metro FMR Area	$860	$940	$1,150	$1,390	$1,540
5917	43194	Columbus, OH HUD Metro FMR Area	$980	$1,080	$1,320	$1,600	$1,770
5918	43195	Columbus, OH HUD Metro FMR Area	$980	$1,080	$1,320	$1,600	$1,770
5919	43201	Columbus, OH HUD Metro FMR Area	$1,070	$1,170	$1,430	$1,730	$1,920
5920	43202	Columbus, OH HUD Metro FMR Area	$950	$1,050	$1,280	$1,550	$1,720
5921	43203	Columbus, OH HUD Metro FMR Area	$760	$850	$1,050	$1,290	$1,420
5922	43204	Columbus, OH HUD Metro FMR Area	$870	$960	$1,170	$1,410	$1,570
5923	43205	Columbus, OH HUD Metro FMR Area	$770	$850	$1,050	$1,290	$1,420
5924	43206	Columbus, OH HUD Metro FMR Area	$930	$1,020	$1,250	$1,510	$1,680
5925	43207	Columbus, OH HUD Metro FMR Area	$800	$880	$1,080	$1,310	$1,450
5926	43209	Columbus, OH HUD Metro FMR Area	$890	$970	$1,190	$1,440	$1,590
5927	43210	Columbus, OH HUD Metro FMR Area	$760	$850	$1,050	$1,290	$1,420
5928	43211	Columbus, OH HUD Metro FMR Area	$800	$880	$1,080	$1,310	$1,450
5929	43212	Columbus, OH HUD Metro FMR Area	$1,120	$1,230	$1,500	$1,810	$2,010
5930	43213	Columbus, OH HUD Metro FMR Area	$870	$960	$1,170	$1,410	$1,570
5931	43214	Columbus, OH HUD Metro FMR Area	$980	$1,070	$1,310	$1,580	$1,760
5932	43215	Columbus, OH HUD Metro FMR Area	$1,440	$1,580	$1,930	$2,330	$2,590
5933	43216	Columbus, OH HUD Metro FMR Area	$980	$1,080	$1,320	$1,600	$1,770
5934	43217	Columbus, OH HUD Metro FMR Area	$880	$970	$1,180	$1,430	$1,580
5935	43218	Columbus, OH HUD Metro FMR Area	$980	$1,080	$1,320	$1,600	$1,770
5936	43219	Columbus, OH HUD Metro FMR Area	$950	$1,040	$1,270	$1,540	$1,700
5937	43220	Columbus, OH HUD Metro FMR Area	$1,040	$1,140	$1,390	$1,680	$1,860
5938	43221	Columbus, OH HUD Metro FMR Area	$1,180	$1,300	$1,590	$1,920	$2,130
5939	43222	Columbus, OH HUD Metro FMR Area	$760	$850	$1,050	$1,290	$1,420
5940	43223	Columbus, OH HUD Metro FMR Area	$840	$920	$1,130	$1,370	$1,510
5941	43224	Columbus, OH HUD Metro FMR Area	$800	$880	$1,070	$1,290	$1,430
5942	43226	Columbus, OH HUD Metro FMR Area	$980	$1,080	$1,320	$1,600	$1,770
5943	43227	Columbus, OH HUD Metro FMR Area	$830	$920	$1,120	$1,350	$1,500
5944	43228	Columbus, OH HUD Metro FMR Area	$920	$1,010	$1,230	$1,490	$1,650
5945	43229	Columbus, OH HUD Metro FMR Area	$870	$960	$1,170	$1,410	$1,570
5946	43230	Columbus, OH HUD Metro FMR Area	$1,130	$1,240	$1,510	$1,830	$2,020
5947	43231	Columbus, OH HUD Metro FMR Area	$930	$1,020	$1,250	$1,510	$1,680
5948	43232	Columbus, OH HUD Metro FMR Area	$830	$920	$1,120	$1,350	$1,500
5949	43234	Columbus, OH HUD Metro FMR Area	$980	$1,080	$1,320	$1,600	$1,770
5950	43235	Columbus, OH HUD Metro FMR Area	$1,150	$1,260	$1,540	$1,860	$2,060
5951	43236	Columbus, OH HUD Metro FMR Area	$980	$1,080	$1,320	$1,600	$1,770
5952	43240	Columbus, OH HUD Metro FMR Area	$1,200	$1,320	$1,610	$1,950	$2,160
5953	43314	Columbus, OH HUD Metro FMR Area	$760	$850	$1,050	$1,290	$1,420
5954	43315	Columbus, OH HUD Metro FMR Area	$800	$880	$1,080	$1,310	$1,450
5955	43317	Columbus, OH HUD Metro FMR Area	$850	$930	$1,140	$1,380	$1,530
5956	43320	Columbus, OH HUD Metro FMR Area	$920	$1,010	$1,240	$1,500	$1,660
5957	43321	Columbus, OH HUD Metro FMR Area	$760	$850	$1,050	$1,290	$1,420
5958	43325	Columbus, OH HUD Metro FMR Area	$800	$880	$1,080	$1,310	$1,450
5959	43334	Columbus, OH HUD Metro FMR Area	$830	$910	$1,110	$1,340	$1,490
5960	43338	Columbus, OH HUD Metro FMR Area	$760	$850	$1,050	$1,290	$1,420
5961	43342	Columbus, OH HUD Metro FMR Area	$910	$980	$1,220	$1,480	$1,640
5962	43344	Columbus, OH HUD Metro FMR Area	$780	$850	$1,070	$1,300	$1,440
5963	43350	Columbus, OH HUD Metro FMR Area	$800	$880	$1,080	$1,310	$1,450
5964	43356	Columbus, OH HUD Metro FMR Area	$830	$920	$1,120	$1,350	$1,500
5965	43721	Columbus, OH HUD Metro FMR Area	$790	$850	$1,060	$1,290	$1,420
5966	43739	Columbus, OH HUD Metro FMR Area	$760	$850	$1,050	$1,290	$1,420
5967	43740	Columbus, OH HUD Metro FMR Area	$950	$1,040	$1,270	$1,540	$1,700
5968	43746	Columbus, OH HUD Metro FMR Area	$850	$930	$1,140	$1,380	$1,530
5969	43760	Columbus, OH HUD Metro FMR Area	$760	$850	$1,050	$1,290	$1,420
5970	43822	Columbus, OH HUD Metro FMR Area	$760	$850	$1,050	$1,290	$1,420
5971	43830	Columbus, OH HUD Metro FMR Area	$760	$850	$1,050	$1,290	$1,420
5972	44813	Columbus, OH HUD Metro FMR Area	$760	$850	$1,050	$1,290	$1,420
5973	44833	Columbus, OH HUD Metro FMR Area	$760	$850	$1,050	$1,290	$1,420
5974	44903	Columbus, OH HUD Metro FMR Area	$760	$850	$1,050	$1,290	$1,420
5975	44904	Columbus, OH HUD Metro FMR Area	$760	$850	$1,050	$1,290	$1,420
5976	45369	Columbus, OH HUD Metro FMR Area	$760	$850	$1,050	$1,290	$1,420
5977	45644	Columbus, OH HUD Metro FMR Area	$760	$850	$1,050	$1,290	$1,420
5978	43102	Hocking County, OH HUD Metro FMR Area	$830	$900	$1,110	$1,350	$1,490
5979	43107	Hocking County, OH HUD Metro FMR Area	$810	$890	$1,090	$1,320	$1,460
5980	43111	Hocking County, OH HUD Metro FMR Area	$730	$740	$970	$1,360	$1,360
5981	43127	Hocking County, OH HUD Metro FMR Area	$670	$670	$880	$1,230	$1,240
5982	43130	Hocking County, OH HUD Metro FMR Area	$800	$880	$1,070	$1,290	$1,430
5983	43135	Hocking County, OH HUD Metro FMR Area	$760	$850	$1,050	$1,290	$1,420
5984	43138	Hocking County, OH HUD Metro FMR Area	$650	$650	$860	$1,200	$1,210
5985	43144	Hocking County, OH HUD Metro FMR Area	$650	$650	$860	$1,200	$1,210
5986	43149	Hocking County, OH HUD Metro FMR Area	$840	$840	$1,110	$1,550	$1,560
5987	43152	Hocking County, OH HUD Metro FMR Area	$660	$670	$870	$1,200	$1,220
5988	43155	Hocking County, OH HUD Metro FMR Area	$790	$850	$1,060	$1,330	$1,430
5989	43158	Hocking County, OH HUD Metro FMR Area	$700	$710	$930	$1,300	$1,310
5990	43766	Hocking County, OH HUD Metro FMR Area	$650	$660	$870	$1,080	$1,160
5991	45622	Hocking County, OH HUD Metro FMR Area	$750	$750	$990	$1,390	$1,400
5992	45654	Hocking County, OH HUD Metro FMR Area	$880	$880	$1,160	$1,620	$1,630
5993	45732	Hocking County, OH HUD Metro FMR Area	$640	$650	$860	$1,060	$1,150
5994	45764	Hocking County, OH HUD Metro FMR Area	$730	$740	$970	$1,360	$1,360
5995	43076	Perry County, OH HUD Metro FMR Area	$820	$870	$1,100	$1,340	$1,470
5996	43107	Perry County, OH HUD Metro FMR Area	$810	$890	$1,090	$1,320	$1,460
5997	43138	Perry County, OH HUD Metro FMR Area	$650	$650	$860	$1,200	$1,210
5998	43148	Perry County, OH HUD Metro FMR Area	$890	$970	$1,190	$1,450	$1,600
5999	43150	Perry County, OH HUD Metro FMR Area	$760	$850	$1,050	$1,290	$1,420
6000	43701	Perry County, OH HUD Metro FMR Area	$650	$660	$870	$1,070	$1,160
6001	43730	Perry County, OH HUD Metro FMR Area	$640	$650	$860	$1,060	$1,150
6002	43731	Perry County, OH HUD Metro FMR Area	$640	$650	$860	$1,060	$1,150
6003	43739	Perry County, OH HUD Metro FMR Area	$760	$850	$1,050	$1,290	$1,420
6004	43748	Perry County, OH HUD Metro FMR Area	$690	$700	$920	$1,130	$1,230
6005	43758	Perry County, OH HUD Metro FMR Area	$650	$660	$870	$1,070	$1,160
6006	43760	Perry County, OH HUD Metro FMR Area	$760	$850	$1,050	$1,290	$1,420
6007	43761	Perry County, OH HUD Metro FMR Area	$650	$660	$870	$1,070	$1,160
6008	43764	Perry County, OH HUD Metro FMR Area	$660	$670	$880	$1,080	$1,170
6009	43766	Perry County, OH HUD Metro FMR Area	$650	$660	$870	$1,080	$1,160
6010	43777	Perry County, OH HUD Metro FMR Area	$640	$650	$860	$1,060	$1,150
6011	43782	Perry County, OH HUD Metro FMR Area	$650	$660	$870	$1,080	$1,160
6012	43783	Perry County, OH HUD Metro FMR Area	$780	$800	$1,050	$1,290	$1,400
6013	45732	Perry County, OH HUD Metro FMR Area	$640	$650	$860	$1,060	$1,150
6014	43007	Union County, OH HUD Metro FMR Area	$930	$950	$1,250	$1,510	$1,660
6015	43015	Union County, OH HUD Metro FMR Area	$940	$1,030	$1,260	$1,520	$1,690
6016	43016	Union County, OH HUD Metro FMR Area	$1,260	$1,380	$1,690	$2,040	$2,260
6017	43017	Union County, OH HUD Metro FMR Area	$1,210	$1,320	$1,620	$1,960	$2,170
6018	43029	Union County, OH HUD Metro FMR Area	$820	$870	$1,130	$1,370	$1,510
6019	43036	Union County, OH HUD Metro FMR Area	$780	$810	$1,070	$1,300	$1,440
6020	43040	Union County, OH HUD Metro FMR Area	$960	$970	$1,280	$1,550	$1,700
6021	43045	Union County, OH HUD Metro FMR Area	$900	$920	$1,210	$1,460	$1,610
6022	43060	Union County, OH HUD Metro FMR Area	$880	$900	$1,180	$1,430	$1,570
6023	43061	Union County, OH HUD Metro FMR Area	$810	$870	$1,080	$1,310	$1,450
6024	43064	Union County, OH HUD Metro FMR Area	$940	$990	$1,260	$1,520	$1,680
6025	43067	Union County, OH HUD Metro FMR Area	$880	$900	$1,180	$1,430	$1,570
6026	43077	Union County, OH HUD Metro FMR Area	$930	$950	$1,250	$1,510	$1,660
6027	43084	Union County, OH HUD Metro FMR Area	$930	$950	$1,250	$1,510	$1,660
6028	43302	Union County, OH HUD Metro FMR Area	$780	$810	$1,070	$1,300	$1,440
6029	43319	Union County, OH HUD Metro FMR Area	$930	$950	$1,250	$1,510	$1,660
6030	43340	Union County, OH HUD Metro FMR Area	$930	$950	$1,250	$1,510	$1,660
6031	43342	Union County, OH HUD Metro FMR Area	$910	$980	$1,220	$1,480	$1,640
6032	43344	Union County, OH HUD Metro FMR Area	$780	$850	$1,070	$1,300	$1,440
6033	43345	Union County, OH HUD Metro FMR Area	$930	$950	$1,250	$1,510	$1,660
6034	43358	Union County, OH HUD Metro FMR Area	$820	$840	$1,100	$1,330	$1,460
6714	43128	Dayton-Kettering, OH MSA	$810	$880	$1,120	$1,460	$1,600
6715	43153	Dayton-Kettering, OH MSA	$800	$880	$1,100	$1,330	$1,470
6716	45005	Dayton-Kettering, OH MSA	$780	$880	$1,150	$1,530	$1,700
6717	45042	Dayton-Kettering, OH MSA	$790	$890	$1,160	$1,540	$1,710
6718	45066	Dayton-Kettering, OH MSA	$1,200	$1,350	$1,760	$2,340	$2,600
6719	45068	Dayton-Kettering, OH MSA	$850	$970	$1,260	$1,670	$1,860
6720	45169	Dayton-Kettering, OH MSA	$620	$690	$880	$1,150	$1,250
6721	45301	Dayton-Kettering, OH MSA	$970	$1,050	$1,340	$1,740	$1,910
6722	45304	Dayton-Kettering, OH MSA	$640	$690	$880	$1,150	$1,250
6723	45305	Dayton-Kettering, OH MSA	$870	$940	$1,200	$1,560	$1,710
6724	45307	Dayton-Kettering, OH MSA	$620	$690	$880	$1,150	$1,250
6725	45308	Dayton-Kettering, OH MSA	$670	$720	$920	$1,200	$1,310
6726	45309	Dayton-Kettering, OH MSA	$710	$770	$980	$1,270	$1,400
6727	45312	Dayton-Kettering, OH MSA	$640	$690	$880	$1,150	$1,250
6728	45314	Dayton-Kettering, OH MSA	$630	$690	$880	$1,150	$1,250
6729	45315	Dayton-Kettering, OH MSA	$710	$770	$980	$1,270	$1,400
6730	45316	Dayton-Kettering, OH MSA	$640	$700	$910	$1,150	$1,260
6731	45317	Dayton-Kettering, OH MSA	$710	$770	$980	$1,270	$1,400
6732	45318	Dayton-Kettering, OH MSA	$650	$700	$890	$1,160	$1,270
6733	45322	Dayton-Kettering, OH MSA	$780	$840	$1,070	$1,390	$1,530
6734	45324	Dayton-Kettering, OH MSA	$760	$820	$1,050	$1,360	$1,500
6735	45325	Dayton-Kettering, OH MSA	$800	$860	$1,100	$1,430	$1,570
6736	45326	Dayton-Kettering, OH MSA	$620	$690	$880	$1,150	$1,250
6737	45327	Dayton-Kettering, OH MSA	$760	$810	$1,040	$1,360	$1,490
6738	45335	Dayton-Kettering, OH MSA	$630	$690	$880	$1,150	$1,250
6739	45337	Dayton-Kettering, OH MSA	$730	$780	$1,000	$1,300	$1,430
6740	45338	Dayton-Kettering, OH MSA	$730	$790	$1,010	$1,310	$1,440
6741	45339	Dayton-Kettering, OH MSA	$770	$830	$1,060	$1,380	$1,510
6742	45342	Dayton-Kettering, OH MSA	$890	$950	$1,220	$1,590	$1,740
6743	45343	Dayton-Kettering, OH MSA	$730	$790	$1,010	$1,310	$1,440
6744	45344	Dayton-Kettering, OH MSA	$650	$720	$940	$1,150	$1,260
6745	45345	Dayton-Kettering, OH MSA	$640	$690	$880	$1,150	$1,250
6746	45354	Dayton-Kettering, OH MSA	$990	$1,060	$1,360	$1,770	$1,940
6747	45356	Dayton-Kettering, OH MSA	$720	$770	$990	$1,290	$1,410
6748	45359	Dayton-Kettering, OH MSA	$620	$690	$880	$1,150	$1,250
6749	45361	Dayton-Kettering, OH MSA	$890	$960	$1,230	$1,600	$1,750
6750	45365	Dayton-Kettering, OH MSA	$710	$770	$980	$1,270	$1,400
6751	45368	Dayton-Kettering, OH MSA	$620	$690	$880	$1,150	$1,250
6752	45370	Dayton-Kettering, OH MSA	$710	$770	$980	$1,270	$1,400
6753	45371	Dayton-Kettering, OH MSA	$770	$830	$1,060	$1,380	$1,510
6754	45373	Dayton-Kettering, OH MSA	$710	$770	$980	$1,270	$1,400
6755	45374	Dayton-Kettering, OH MSA	$710	$770	$980	$1,270	$1,400
6756	45377	Dayton-Kettering, OH MSA	$640	$690	$880	$1,150	$1,250
6757	45378	Dayton-Kettering, OH MSA	$680	$730	$930	$1,210	$1,330
6758	45381	Dayton-Kettering, OH MSA	$690	$740	$950	$1,240	$1,350
6759	45383	Dayton-Kettering, OH MSA	$630	$690	$880	$1,150	$1,250
6760	45384	Dayton-Kettering, OH MSA	$700	$760	$970	$1,260	$1,380
6761	45385	Dayton-Kettering, OH MSA	$700	$760	$970	$1,260	$1,380
6762	45387	Dayton-Kettering, OH MSA	$740	$800	$1,020	$1,320	$1,450
6763	45401	Dayton-Kettering, OH MSA	$730	$790	$1,010	$1,310	$1,440
6764	45402	Dayton-Kettering, OH MSA	$760	$820	$1,050	$1,370	$1,500
6765	45403	Dayton-Kettering, OH MSA	$620	$690	$880	$1,150	$1,250
6766	45404	Dayton-Kettering, OH MSA	$690	$740	$950	$1,240	$1,350
6767	45405	Dayton-Kettering, OH MSA	$650	$700	$900	$1,170	$1,280
6768	45406	Dayton-Kettering, OH MSA	$680	$730	$930	$1,210	$1,330
6769	45409	Dayton-Kettering, OH MSA	$900	$970	$1,240	$1,610	$1,770
6770	45410	Dayton-Kettering, OH MSA	$720	$770	$990	$1,290	$1,410
6771	45413	Dayton-Kettering, OH MSA	$730	$790	$1,010	$1,310	$1,440
6772	45414	Dayton-Kettering, OH MSA	$690	$740	$950	$1,240	$1,350
6773	45415	Dayton-Kettering, OH MSA	$700	$760	$970	$1,260	$1,380
6774	45416	Dayton-Kettering, OH MSA	$890	$960	$1,230	$1,600	$1,750
6775	45417	Dayton-Kettering, OH MSA	$680	$730	$930	$1,210	$1,330
6776	45418	Dayton-Kettering, OH MSA	$730	$790	$1,010	$1,330	$1,440
6777	45419	Dayton-Kettering, OH MSA	$690	$740	$950	$1,240	$1,350
6778	45420	Dayton-Kettering, OH MSA	$720	$770	$990	$1,290	$1,410
6779	45422	Dayton-Kettering, OH MSA	$730	$790	$1,010	$1,310	$1,440
6780	45423	Dayton-Kettering, OH MSA	$730	$790	$1,010	$1,310	$1,440
6781	45424	Dayton-Kettering, OH MSA	$830	$890	$1,140	$1,480	$1,630
6782	45426	Dayton-Kettering, OH MSA	$670	$720	$920	$1,200	$1,310
6783	45428	Dayton-Kettering, OH MSA	$680	$730	$930	$1,210	$1,330
6784	45429	Dayton-Kettering, OH MSA	$750	$810	$1,040	$1,350	$1,480
6785	45430	Dayton-Kettering, OH MSA	$900	$970	$1,240	$1,610	$1,770
6786	45431	Dayton-Kettering, OH MSA	$970	$1,040	$1,330	$1,730	$1,900
6787	45432	Dayton-Kettering, OH MSA	$720	$770	$990	$1,290	$1,410
6788	45433	Dayton-Kettering, OH MSA	$1,110	$1,200	$1,530	$1,990	$2,180
6789	45434	Dayton-Kettering, OH MSA	$970	$1,050	$1,340	$1,740	$1,910
6790	45435	Dayton-Kettering, OH MSA	$810	$880	$1,120	$1,460	$1,600
6791	45437	Dayton-Kettering, OH MSA	$730	$790	$1,010	$1,310	$1,440
6792	45439	Dayton-Kettering, OH MSA	$730	$790	$1,010	$1,310	$1,440
6793	45440	Dayton-Kettering, OH MSA	$840	$910	$1,160	$1,510	$1,650
6794	45441	Dayton-Kettering, OH MSA	$730	$790	$1,010	$1,310	$1,440
6795	45449	Dayton-Kettering, OH MSA	$760	$820	$1,050	$1,370	$1,500
6796	45458	Dayton-Kettering, OH MSA	$900	$980	$1,260	$1,640	$1,800
6797	45459	Dayton-Kettering, OH MSA	$850	$910	$1,170	$1,520	$1,670
6798	45469	Dayton-Kettering, OH MSA	$730	$790	$1,010	$1,310	$1,440
6799	45470	Dayton-Kettering, OH MSA	$730	$790	$1,010	$1,310	$1,440
6800	45475	Dayton-Kettering, OH MSA	$730	$790	$1,010	$1,310	$1,440
6801	45481	Dayton-Kettering, OH MSA	$810	$880	$1,120	$1,460	$1,600
6802	45490	Dayton-Kettering, OH MSA	$730	$790	$1,010	$1,310	$1,440
12771	43310	Lima, OH MSA	$720	$740	$950	$1,180	$1,330
12772	45801	Lima, OH MSA	$690	$710	$910	$1,130	$1,280
12773	45802	Lima, OH MSA	$720	$740	$950	$1,180	$1,330
12774	45804	Lima, OH MSA	$670	$690	$890	$1,110	$1,250
12775	45805	Lima, OH MSA	$760	$780	$1,000	$1,240	$1,400
12776	45806	Lima, OH MSA	$730	$750	$970	$1,210	$1,360
12777	45807	Lima, OH MSA	$770	$790	$1,020	$1,270	$1,430
12778	45808	Lima, OH MSA	$780	$800	$1,030	$1,280	$1,440
12779	45809	Lima, OH MSA	$770	$790	$1,020	$1,270	$1,430
12780	45810	Lima, OH MSA	$700	$720	$930	$1,160	$1,300
12781	45812	Lima, OH MSA	$650	$670	$860	$1,070	$1,210
12782	45817	Lima, OH MSA	$720	$740	$950	$1,180	$1,330
12783	45820	Lima, OH MSA	$650	$670	$860	$1,070	$1,210
12784	45830	Lima, OH MSA	$760	$790	$1,010	$1,250	$1,420
12785	45833	Lima, OH MSA	$710	$730	$940	$1,170	$1,320
12786	45844	Lima, OH MSA	$680	$700	$900	$1,120	$1,260
12787	45850	Lima, OH MSA	$650	$670	$860	$1,070	$1,210
12788	45854	Lima, OH MSA	$790	$810	$1,040	$1,290	$1,460
12789	45877	Lima, OH MSA	$780	$800	$1,030	$1,280	$1,440
12790	45887	Lima, OH MSA	$730	$750	$970	$1,210	$1,360
12791	45894	Lima, OH MSA	$720	$740	$950	$1,180	$1,330
12792	45895	Lima, OH MSA	$720	$740	$950	$1,180	$1,330
12793	45896	Lima, OH MSA	$770	$800	$990	$1,260	$1,450
14245	43019	Mansfield, OH MSA	$780	$860	$1,050	$1,290	$1,420
14246	44805	Mansfield, OH MSA	$660	$740	$930	$1,280	$1,470
14247	44813	Mansfield, OH MSA	$760	$850	$1,050	$1,290	$1,420
14248	44822	Mansfield, OH MSA	$670	$760	$950	$1,310	$1,500
14249	44827	Mansfield, OH MSA	$620	$700	$880	$1,210	$1,390
14250	44833	Mansfield, OH MSA	$760	$850	$1,050	$1,290	$1,420
14251	44837	Mansfield, OH MSA	$610	$690	$860	$1,180	$1,360
14252	44843	Mansfield, OH MSA	$630	$710	$890	$1,220	$1,400
14253	44862	Mansfield, OH MSA	$610	$690	$860	$1,180	$1,360
14254	44864	Mansfield, OH MSA	$610	$690	$860	$1,180	$1,360
14255	44865	Mansfield, OH MSA	$670	$750	$940	$1,290	$1,480
14256	44875	Mansfield, OH MSA	$610	$690	$860	$1,180	$1,360
14257	44878	Mansfield, OH MSA	$700	$790	$990	$1,360	$1,560
14258	44901	Mansfield, OH MSA	$610	$690	$860	$1,180	$1,360
14259	44902	Mansfield, OH MSA	$610	$690	$860	$1,180	$1,360
14260	44903	Mansfield, OH MSA	$760	$850	$1,050	$1,290	$1,420
14261	44904	Mansfield, OH MSA	$760	$850	$1,050	$1,290	$1,420
14262	44905	Mansfield, OH MSA	$650	$740	$920	$1,260	$1,450
14263	44906	Mansfield, OH MSA	$620	$700	$870	$1,200	$1,370
14264	44907	Mansfield, OH MSA	$610	$690	$860	$1,180	$1,360
24113	43010	Springfield, OH MSA	$730	$810	$1,060	$1,280	$1,420
24114	43044	Springfield, OH MSA	$760	$850	$1,050	$1,290	$1,420
24115	43078	Springfield, OH MSA	$620	$690	$910	$1,100	$1,220
24116	43140	Springfield, OH MSA	$840	$920	$1,130	$1,370	$1,510
24117	43153	Springfield, OH MSA	$800	$880	$1,100	$1,330	$1,470
24118	45312	Springfield, OH MSA	$640	$690	$880	$1,150	$1,250
24119	45314	Springfield, OH MSA	$630	$690	$880	$1,150	$1,250
24120	45316	Springfield, OH MSA	$640	$700	$910	$1,150	$1,260
24121	45319	Springfield, OH MSA	$590	$650	$860	$1,040	$1,150
24122	45323	Springfield, OH MSA	$590	$650	$860	$1,040	$1,150
24123	45324	Springfield, OH MSA	$760	$820	$1,050	$1,360	$1,500
24124	45341	Springfield, OH MSA	$670	$740	$970	$1,180	$1,300
24125	45344	Springfield, OH MSA	$650	$720	$940	$1,150	$1,260
24126	45349	Springfield, OH MSA	$880	$970	$1,280	$1,550	$1,710
24127	45368	Springfield, OH MSA	$620	$690	$880	$1,150	$1,250
24128	45369	Springfield, OH MSA	$760	$850	$1,050	$1,290	$1,420
24129	45372	Springfield, OH MSA	$640	$720	$940	$1,140	$1,260
24130	45387	Springfield, OH MSA	$740	$800	$1,020	$1,320	$1,450
24131	45501	Springfield, OH MSA	$650	$720	$950	$1,150	$1,270
24132	45502	Springfield, OH MSA	$730	$810	$1,070	$1,300	$1,430
24133	45503	Springfield, OH MSA	$710	$780	$1,030	$1,250	$1,380
24134	45504	Springfield, OH MSA	$680	$750	$990	$1,200	$1,320
24135	45505	Springfield, OH MSA	$620	$680	$900	$1,090	$1,200
24136	45506	Springfield, OH MSA	$630	$700	$920	$1,110	$1,230
24762	43408	Ottawa County, OH HUD Metro FMR Area	$790	$880	$1,160	$1,400	$1,610
24763	43412	Ottawa County, OH HUD Metro FMR Area	$780	$870	$1,130	$1,440	$1,580
24764	43416	Ottawa County, OH HUD Metro FMR Area	$590	$660	$870	$1,050	$1,200
24765	43420	Ottawa County, OH HUD Metro FMR Area	$640	$720	$950	$1,150	$1,310
24766	43430	Ottawa County, OH HUD Metro FMR Area	$620	$690	$910	$1,110	$1,260
24767	43432	Ottawa County, OH HUD Metro FMR Area	$630	$700	$930	$1,120	$1,280
24768	43433	Ottawa County, OH HUD Metro FMR Area	$620	$690	$910	$1,100	$1,260
24769	43436	Ottawa County, OH HUD Metro FMR Area	$640	$720	$950	$1,150	$1,310
24770	43439	Ottawa County, OH HUD Metro FMR Area	$620	$690	$910	$1,100	$1,260
24771	43440	Ottawa County, OH HUD Metro FMR Area	$730	$810	$1,070	$1,290	$1,480
24772	43442	Ottawa County, OH HUD Metro FMR Area	$640	$720	$950	$1,150	$1,310
24773	43445	Ottawa County, OH HUD Metro FMR Area	$710	$800	$1,040	$1,300	$1,450
24774	43446	Ottawa County, OH HUD Metro FMR Area	$640	$720	$950	$1,150	$1,310
24775	43447	Ottawa County, OH HUD Metro FMR Area	$740	$810	$1,060	$1,380	$1,480
24776	43449	Ottawa County, OH HUD Metro FMR Area	$660	$740	$970	$1,170	$1,340
24777	43452	Ottawa County, OH HUD Metro FMR Area	$620	$690	$910	$1,100	$1,260
24778	43456	Ottawa County, OH HUD Metro FMR Area	$640	$720	$950	$1,150	$1,310
24779	43458	Ottawa County, OH HUD Metro FMR Area	$580	$650	$860	$1,040	$1,190
24780	43468	Ottawa County, OH HUD Metro FMR Area	$780	$870	$1,130	$1,440	$1,580
24781	43469	Ottawa County, OH HUD Metro FMR Area	$610	$680	$900	$1,100	$1,250
24782	43402	Toledo, OH HUD Metro FMR Area	$670	$730	$960	$1,270	$1,340
24783	43403	Toledo, OH HUD Metro FMR Area	$670	$730	$960	$1,270	$1,340
24784	43406	Toledo, OH HUD Metro FMR Area	$630	$690	$900	$1,200	$1,290
24785	43412	Toledo, OH HUD Metro FMR Area	$780	$870	$1,130	$1,440	$1,580
24786	43413	Toledo, OH HUD Metro FMR Area	$780	$850	$1,110	$1,470	$1,550
24787	43414	Toledo, OH HUD Metro FMR Area	$720	$780	$1,020	$1,350	$1,430
24788	43430	Toledo, OH HUD Metro FMR Area	$620	$690	$910	$1,110	$1,260
24789	43431	Toledo, OH HUD Metro FMR Area	$650	$700	$920	$1,220	$1,290
24790	43434	Toledo, OH HUD Metro FMR Area	$620	$680	$890	$1,180	$1,240
24791	43437	Toledo, OH HUD Metro FMR Area	$730	$790	$1,040	$1,380	$1,450
24792	43441	Toledo, OH HUD Metro FMR Area	$720	$780	$1,020	$1,350	$1,430
24793	43443	Toledo, OH HUD Metro FMR Area	$680	$740	$970	$1,290	$1,360
24794	43445	Toledo, OH HUD Metro FMR Area	$710	$800	$1,040	$1,300	$1,450
24795	43447	Toledo, OH HUD Metro FMR Area	$740	$810	$1,060	$1,380	$1,480
24796	43450	Toledo, OH HUD Metro FMR Area	$860	$930	$1,220	$1,620	$1,700
24797	43451	Toledo, OH HUD Metro FMR Area	$600	$660	$860	$1,140	$1,200
24798	43457	Toledo, OH HUD Metro FMR Area	$670	$730	$950	$1,260	$1,330
24799	43460	Toledo, OH HUD Metro FMR Area	$620	$680	$890	$1,180	$1,240
24800	43462	Toledo, OH HUD Metro FMR Area	$730	$790	$1,040	$1,380	$1,450
24801	43463	Toledo, OH HUD Metro FMR Area	$880	$950	$1,250	$1,660	$1,750
24802	43465	Toledo, OH HUD Metro FMR Area	$640	$690	$910	$1,210	$1,270
24803	43466	Toledo, OH HUD Metro FMR Area	$800	$870	$1,140	$1,510	$1,590
24804	43467	Toledo, OH HUD Metro FMR Area	$700	$760	$990	$1,310	$1,390
24805	43469	Toledo, OH HUD Metro FMR Area	$610	$680	$900	$1,100	$1,250
24806	43502	Toledo, OH HUD Metro FMR Area	$600	$660	$860	$1,140	$1,200
24807	43504	Toledo, OH HUD Metro FMR Area	$760	$830	$1,080	$1,430	$1,530
24808	43511	Toledo, OH HUD Metro FMR Area	$1,040	$1,130	$1,480	$1,960	$2,070
24809	43515	Toledo, OH HUD Metro FMR Area	$600	$660	$860	$1,140	$1,200
24810	43516	Toledo, OH HUD Metro FMR Area	$710	$770	$1,010	$1,340	$1,410
24811	43521	Toledo, OH HUD Metro FMR Area	$600	$660	$860	$1,140	$1,200
24812	43522	Toledo, OH HUD Metro FMR Area	$710	$770	$1,010	$1,340	$1,410
24813	43525	Toledo, OH HUD Metro FMR Area	$690	$750	$980	$1,300	$1,370
24814	43528	Toledo, OH HUD Metro FMR Area	$840	$920	$1,200	$1,590	$1,680
24815	43529	Toledo, OH HUD Metro FMR Area	$760	$820	$1,080	$1,430	$1,510
24816	43532	Toledo, OH HUD Metro FMR Area	$680	$740	$970	$1,290	$1,360
24817	43533	Toledo, OH HUD Metro FMR Area	$600	$660	$860	$1,140	$1,200
24818	43537	Toledo, OH HUD Metro FMR Area	$730	$790	$1,040	$1,380	$1,450
24819	43540	Toledo, OH HUD Metro FMR Area	$720	$790	$1,030	$1,370	$1,440
24820	43541	Toledo, OH HUD Metro FMR Area	$1,040	$1,130	$1,480	$1,960	$2,070
24821	43542	Toledo, OH HUD Metro FMR Area	$740	$810	$1,060	$1,410	$1,480
24822	43545	Toledo, OH HUD Metro FMR Area	$650	$710	$930	$1,230	$1,300
24823	43547	Toledo, OH HUD Metro FMR Area	$690	$750	$980	$1,310	$1,380
24824	43551	Toledo, OH HUD Metro FMR Area	$880	$950	$1,250	$1,660	$1,750
24825	43552	Toledo, OH HUD Metro FMR Area	$720	$780	$1,020	$1,350	$1,430
24826	43553	Toledo, OH HUD Metro FMR Area	$660	$720	$940	$1,250	$1,310
24827	43557	Toledo, OH HUD Metro FMR Area	$650	$710	$930	$1,230	$1,300
24828	43558	Toledo, OH HUD Metro FMR Area	$680	$740	$970	$1,290	$1,360
24829	43560	Toledo, OH HUD Metro FMR Area	$800	$870	$1,140	$1,510	$1,590
24830	43565	Toledo, OH HUD Metro FMR Area	$800	$870	$1,140	$1,510	$1,590
24831	43566	Toledo, OH HUD Metro FMR Area	$960	$1,050	$1,370	$1,820	$1,910
24832	43567	Toledo, OH HUD Metro FMR Area	$690	$760	$990	$1,310	$1,380
24833	43569	Toledo, OH HUD Metro FMR Area	$670	$730	$950	$1,260	$1,330
24834	43570	Toledo, OH HUD Metro FMR Area	$600	$660	$860	$1,140	$1,200
24835	43571	Toledo, OH HUD Metro FMR Area	$720	$780	$1,020	$1,350	$1,430
24836	43604	Toledo, OH HUD Metro FMR Area	$600	$660	$860	$1,140	$1,200
24837	43605	Toledo, OH HUD Metro FMR Area	$620	$680	$890	$1,180	$1,240
24838	43606	Toledo, OH HUD Metro FMR Area	$690	$750	$980	$1,300	$1,370
24839	43607	Toledo, OH HUD Metro FMR Area	$650	$710	$930	$1,230	$1,300
24840	43608	Toledo, OH HUD Metro FMR Area	$650	$700	$920	$1,220	$1,290
24841	43609	Toledo, OH HUD Metro FMR Area	$690	$760	$990	$1,310	$1,380
24842	43610	Toledo, OH HUD Metro FMR Area	$620	$680	$890	$1,180	$1,240
24843	43611	Toledo, OH HUD Metro FMR Area	$670	$730	$950	$1,260	$1,330
24844	43612	Toledo, OH HUD Metro FMR Area	$730	$790	$1,040	$1,380	$1,450
24845	43613	Toledo, OH HUD Metro FMR Area	$690	$760	$990	$1,310	$1,380
24846	43614	Toledo, OH HUD Metro FMR Area	$670	$730	$950	$1,260	$1,330
24847	43615	Toledo, OH HUD Metro FMR Area	$730	$790	$1,040	$1,380	$1,450
24848	43616	Toledo, OH HUD Metro FMR Area	$620	$680	$890	$1,180	$1,240
24849	43617	Toledo, OH HUD Metro FMR Area	$750	$820	$1,070	$1,420	$1,500
24850	43619	Toledo, OH HUD Metro FMR Area	$680	$740	$970	$1,290	$1,360
24851	43620	Toledo, OH HUD Metro FMR Area	$600	$660	$860	$1,140	$1,200
24852	43623	Toledo, OH HUD Metro FMR Area	$670	$730	$950	$1,260	$1,330
24853	43635	Toledo, OH HUD Metro FMR Area	$690	$750	$980	$1,300	$1,370
24854	44817	Toledo, OH HUD Metro FMR Area	$740	$800	$1,050	$1,390	$1,470
24855	44830	Toledo, OH HUD Metro FMR Area	$610	$660	$870	$1,150	$1,220
24856	45858	Toledo, OH HUD Metro FMR Area	$720	$780	$1,020	$1,350	$1,430
24857	45872	Toledo, OH HUD Metro FMR Area	$670	$730	$950	$1,260	$1,330
24858	45889	Toledo, OH HUD Metro FMR Area	$720	$780	$1,020	$1,350	$1,430
27305	44062	Youngstown-Warren-Boardman, OH HUD Metro FMR Area	$670	$750	$920	$1,200	$1,270
27306	44076	Youngstown-Warren-Boardman, OH HUD Metro FMR Area	$630	$680	$860	$1,130	$1,200
27307	44093	Youngstown-Warren-Boardman, OH HUD Metro FMR Area	$630	$680	$860	$1,130	$1,200
27308	44231	Youngstown-Warren-Boardman, OH HUD Metro FMR Area	$650	$740	$930	$1,170	$1,250
27309	44288	Youngstown-Warren-Boardman, OH HUD Metro FMR Area	$690	$780	$990	$1,240	$1,320
27310	44401	Youngstown-Warren-Boardman, OH HUD Metro FMR Area	$950	$1,020	$1,290	$1,700	$1,800
27311	44402	Youngstown-Warren-Boardman, OH HUD Metro FMR Area	$630	$680	$860	$1,130	$1,200
27312	44403	Youngstown-Warren-Boardman, OH HUD Metro FMR Area	$630	$680	$860	$1,130	$1,200
27313	44404	Youngstown-Warren-Boardman, OH HUD Metro FMR Area	$630	$680	$860	$1,130	$1,200
27314	44405	Youngstown-Warren-Boardman, OH HUD Metro FMR Area	$650	$700	$880	$1,160	$1,230
27315	44406	Youngstown-Warren-Boardman, OH HUD Metro FMR Area	$650	$700	$880	$1,160	$1,230
27316	44408	Youngstown-Warren-Boardman, OH HUD Metro FMR Area	$630	$680	$860	$1,130	$1,200
27317	44410	Youngstown-Warren-Boardman, OH HUD Metro FMR Area	$650	$700	$880	$1,160	$1,230
27318	44412	Youngstown-Warren-Boardman, OH HUD Metro FMR Area	$650	$730	$930	$1,170	$1,250
27319	44416	Youngstown-Warren-Boardman, OH HUD Metro FMR Area	$630	$680	$860	$1,130	$1,200
27320	44417	Youngstown-Warren-Boardman, OH HUD Metro FMR Area	$640	$690	$870	$1,150	$1,210
27321	44418	Youngstown-Warren-Boardman, OH HUD Metro FMR Area	$670	$720	$910	$1,190	$1,270
27322	44420	Youngstown-Warren-Boardman, OH HUD Metro FMR Area	$630	$680	$860	$1,130	$1,200
27323	44422	Youngstown-Warren-Boardman, OH HUD Metro FMR Area	$630	$680	$860	$1,130	$1,200
27324	44424	Youngstown-Warren-Boardman, OH HUD Metro FMR Area	$630	$680	$860	$1,130	$1,200
27325	44425	Youngstown-Warren-Boardman, OH HUD Metro FMR Area	$630	$680	$860	$1,130	$1,200
27326	44428	Youngstown-Warren-Boardman, OH HUD Metro FMR Area	$630	$680	$860	$1,130	$1,200
27327	44429	Youngstown-Warren-Boardman, OH HUD Metro FMR Area	$690	$750	$940	$1,240	$1,310
27328	44430	Youngstown-Warren-Boardman, OH HUD Metro FMR Area	$630	$680	$860	$1,130	$1,200
27329	44436	Youngstown-Warren-Boardman, OH HUD Metro FMR Area	$630	$680	$860	$1,130	$1,200
27330	44437	Youngstown-Warren-Boardman, OH HUD Metro FMR Area	$660	$710	$900	$1,190	$1,250
27331	44438	Youngstown-Warren-Boardman, OH HUD Metro FMR Area	$650	$710	$890	$1,170	$1,240
27332	44439	Youngstown-Warren-Boardman, OH HUD Metro FMR Area	$660	$740	$910	$1,190	$1,260
27333	44440	Youngstown-Warren-Boardman, OH HUD Metro FMR Area	$630	$680	$860	$1,130	$1,200
27334	44442	Youngstown-Warren-Boardman, OH HUD Metro FMR Area	$630	$680	$860	$1,130	$1,200
27335	44443	Youngstown-Warren-Boardman, OH HUD Metro FMR Area	$630	$680	$860	$1,130	$1,200
27336	44444	Youngstown-Warren-Boardman, OH HUD Metro FMR Area	$650	$730	$930	$1,170	$1,250
27337	44446	Youngstown-Warren-Boardman, OH HUD Metro FMR Area	$640	$690	$870	$1,150	$1,210
27338	44449	Youngstown-Warren-Boardman, OH HUD Metro FMR Area	$650	$730	$930	$1,170	$1,250
27339	44450	Youngstown-Warren-Boardman, OH HUD Metro FMR Area	$630	$680	$860	$1,130	$1,200
27340	44451	Youngstown-Warren-Boardman, OH HUD Metro FMR Area	$630	$680	$860	$1,130	$1,200
27341	44452	Youngstown-Warren-Boardman, OH HUD Metro FMR Area	$700	$750	$950	$1,250	$1,320
27342	44453	Youngstown-Warren-Boardman, OH HUD Metro FMR Area	$630	$680	$860	$1,130	$1,200
27343	44454	Youngstown-Warren-Boardman, OH HUD Metro FMR Area	$640	$680	$860	$1,120	$1,200
27344	44460	Youngstown-Warren-Boardman, OH HUD Metro FMR Area	$630	$680	$860	$1,130	$1,200
27345	44470	Youngstown-Warren-Boardman, OH HUD Metro FMR Area	$650	$730	$930	$1,170	$1,250
27346	44471	Youngstown-Warren-Boardman, OH HUD Metro FMR Area	$660	$710	$900	$1,190	$1,250
27347	44473	Youngstown-Warren-Boardman, OH HUD Metro FMR Area	$900	$970	$1,220	$1,610	$1,700
27348	44481	Youngstown-Warren-Boardman, OH HUD Metro FMR Area	$630	$680	$860	$1,130	$1,200
27349	44483	Youngstown-Warren-Boardman, OH HUD Metro FMR Area	$670	$720	$910	$1,200	$1,270
27350	44484	Youngstown-Warren-Boardman, OH HUD Metro FMR Area	$680	$730	$920	$1,210	$1,280
27351	44485	Youngstown-Warren-Boardman, OH HUD Metro FMR Area	$630	$680	$860	$1,130	$1,200
27352	44490	Youngstown-Warren-Boardman, OH HUD Metro FMR Area	$630	$680	$860	$1,130	$1,200
27353	44491	Youngstown-Warren-Boardman, OH HUD Metro FMR Area	$660	$740	$930	$1,180	$1,250
27354	44501	Youngstown-Warren-Boardman, OH HUD Metro FMR Area	$630	$680	$860	$1,130	$1,200
27355	44502	Youngstown-Warren-Boardman, OH HUD Metro FMR Area	$690	$750	$940	$1,240	$1,310
27356	44503	Youngstown-Warren-Boardman, OH HUD Metro FMR Area	$680	$730	$920	$1,210	$1,280
27357	44504	Youngstown-Warren-Boardman, OH HUD Metro FMR Area	$630	$680	$860	$1,130	$1,200
27358	44505	Youngstown-Warren-Boardman, OH HUD Metro FMR Area	$630	$680	$860	$1,130	$1,200
27359	44506	Youngstown-Warren-Boardman, OH HUD Metro FMR Area	$630	$680	$860	$1,130	$1,200
27360	44507	Youngstown-Warren-Boardman, OH HUD Metro FMR Area	$630	$680	$860	$1,130	$1,200
27361	44509	Youngstown-Warren-Boardman, OH HUD Metro FMR Area	$660	$710	$900	$1,190	$1,250
27362	44510	Youngstown-Warren-Boardman, OH HUD Metro FMR Area	$630	$680	$860	$1,130	$1,200
27363	44511	Youngstown-Warren-Boardman, OH HUD Metro FMR Area	$630	$680	$860	$1,130	$1,200
27364	44512	Youngstown-Warren-Boardman, OH HUD Metro FMR Area	$630	$680	$860	$1,130	$1,200
27365	44513	Youngstown-Warren-Boardman, OH HUD Metro FMR Area	$630	$680	$860	$1,130	$1,200
27366	44514	Youngstown-Warren-Boardman, OH HUD Metro FMR Area	$740	$800	$1,010	$1,330	$1,410
27367	44515	Youngstown-Warren-Boardman, OH HUD Metro FMR Area	$640	$690	$870	$1,150	$1,210
27368	44555	Youngstown-Warren-Boardman, OH HUD Metro FMR Area	$630	$680	$860	$1,130	$1,200
27369	44601	Youngstown-Warren-Boardman, OH HUD Metro FMR Area	$650	$730	$930	$1,170	$1,250
27370	44609	Youngstown-Warren-Boardman, OH HUD Metro FMR Area	$630	$680	$860	$1,130	$1,200
27371	44619	Youngstown-Warren-Boardman, OH HUD Metro FMR Area	$630	$680	$860	$1,130	$1,200
27372	44672	Youngstown-Warren-Boardman, OH HUD Metro FMR Area	$630	$680	$860	$1,130	$1,200
